n_koeff,iteration,reward,novelty,total_time
0.95,1,54.11862844709765,nan,3.497471570968628
0.8999999999999999,2,81.93815165382352,0.24331179572093414,3.6601967811584473
0.8499999999999999,3,88.39997489892062,0.2245649850249991,3.7981958389282227
0.7999999999999998,4,105.34948846695701,0.3632424885739549,3.9453542232513428
0.7499999999999998,5,102.6083038786702,0.3299560040314738,4.083328485488892
0.6999999999999997,6,103.89501435862468,0.32185054883095765,4.214820146560669
0.6499999999999997,7,102.1671202334411,0.19248510977048777,4.36192512512207
0.5999999999999996,8,103.23298209187786,0.16000764256920566,4.515615701675415
0.5499999999999996,9,104.03604188955934,0.15385200381403533,4.700434923171997
0.4999999999999996,10,103.75666362659972,0.15036608918120328,4.878785133361816
0.4499999999999996,11,101.84224833371282,0.1765123221862574,5.032410383224487
0.39999999999999963,12,100.99590754215582,0.12609057146062105,5.179515838623047
0.34999999999999964,13,108.16021258619182,0.13272802255652205,5.3331358432769775
0.29999999999999966,14,110.31945638247517,0.1094758090598204,5.480241298675537
0.24999999999999967,15,112.18053537049916,0.09695602245058339,5.633859872817993
0.19999999999999968,16,112.5611297818292,0.11855335770041858,5.780967473983765
0.1499999999999997,17,112.43210976658166,0.08697735411119747,5.934589385986328
0.09999999999999969,18,111.79511111606497,0.0944582746814607,6.088210821151733
0.049999999999999684,19,112.70061020513496,0.08863134749772325,6.235328197479248
0.0,20,113.51274536478891,0.08202503135603566,6.388947010040283
0.0,21,116.85328476481642,0.06797944247806738,6.536074638366699
0.0,22,116.08221134693157,0.0640857483992079,6.68974757194519
0.0,23,115.41797808827393,0.06193126760285955,6.852510690689087
0.0,24,119.0509453163531,0.06371163368998456,7.021745920181274
0.0,25,118.69731623747892,0.06237481307999745,7.184501647949219
0.0,26,117.67522864743177,0.06605408375570969,7.369361162185669
0.0,27,119.81008050070385,0.053466580034502706,7.5229926109313965
0.0,28,120.79744345074018,0.0627033472028499,7.707862138748169
0.0,29,121.38631808103034,0.05604526858919953,7.8705830574035645
0.0,30,121.02270145234988,0.05912030558393754,8.0242178440094
0.0,31,122.45483425247251,0.044597111357574784,8.171324491500854
0.0,32,122.66226537242193,0.052710505734629036,8.324962854385376
0.0,33,122.57567856339003,0.04998416384915851,8.49419617652893
0.0,34,121.10859973652578,0.046946259654251914,8.641313552856445
0.0,35,120.78732298756783,0.049021402918832536,8.794927597045898
0.0,36,120.75570497635418,0.05288386609089196,8.942046642303467
0.0,37,123.21836499816082,0.04697985586438944,9.11130142211914
0.0,38,124.09584164552497,0.04708115003709271,9.258422613143921
0.0,39,123.71846557212034,0.03857334676562593,9.42767596244812
0.0,40,123.35251981581946,0.042711159625384146,9.596923112869263
0.0,41,123.48972358773304,0.04009008743330826,9.759693145751953
0.0,42,123.1756074585297,0.043225978417077614,9.928946256637573
0.0,43,123.74491616089827,0.041403109122411894,10.091667890548706
0.0,44,122.81331017285993,0.04762073120953513,10.245290756225586
0.0,45,123.34759323081266,0.04433466053456499,10.414557456970215
0.0,46,123.05361001366511,0.03885892954090757,10.56170105934143
0.0,47,123.37782299150255,0.045160599179778244,10.7153639793396
0.0,48,122.71828000851268,0.039958396325041314,10.862441301345825
0.0,49,123.5985244740027,0.03731890256826835,11.031694889068604
0.0,50,124.44065914290793,0.02820476839427453,11.181105136871338
0.0,51,125.18702744098051,0.030262297947487013,11.332234621047974
0.0,52,125.00251439061243,0.028504621058272527,11.501559495925903
0.0,53,125.17442152708082,0.0317406750067122,11.648722648620605
0.0,54,124.81305867721316,0.02711940044371844,11.81793737411499
0.0,55,125.55559112356417,0.036749317456444414,11.98067855834961
0.0,56,127.38825486195388,0.02828863825192643,12.134308099746704
0.0,57,128.6766033179868,0.03655152710874737,12.303558588027954
0.0,58,129.7759568683697,0.02765390357587928,12.46630859375
0.0,59,130.1273037530552,0.032098477461796754,12.619929790496826
0.0,60,131.78583244082733,0.034850535042425336,12.798278331756592
0.0,61,133.43615087325077,0.031535908395518064,12.967524766921997
0.0,62,134.17688321723188,0.02339314417519587,13.136887550354004
0.0,63,133.60958478148595,0.031739969296421415,13.283970355987549
0.0,64,136.0213235691635,0.029100904408781644,13.453224420547485
0.0,65,137.3179600233156,0.027659910099690984,13.622518301010132
0.0,66,138.64965531432227,0.031124188682369703,13.785202503204346
0.0,67,137.9060296390537,0.022007112102028655,13.938827514648438
0.0,68,139.75709258344372,0.029395506203045367,14.101558685302734
0.0,69,140.48707332383884,0.03446412965378884,14.255215644836426
0.0,70,142.31426772892334,0.03192395299881648,14.44016146659851
0.0,71,142.67856463866974,0.03279665971630234,14.625009775161743
0.0,72,143.9873017503658,0.02467823957232308,14.77213716506958
0.0,73,145.9981275675757,0.03158198342617797,14.941384315490723
0.0,74,145.62638574155815,0.02906371859153573,15.104122877120972
0.0,75,145.63769856532628,0.025813068865504264,15.25777792930603
0.0,76,146.17911015161266,0.030292070410821367,15.442757606506348
0.0,77,146.5275533398006,0.025235529126638453,15.589837312698364
0.0,78,147.45712759648174,0.022873656015399747,15.77473783493042
0.0,79,146.90814928763234,0.026373328995084912,15.928455591201782
0.0,80,147.2487804560321,0.024701609141455205,16.09115219116211
0.0,81,146.14857725027355,0.019513096051345366,16.2605140209198
0.0,82,148.34971137346406,0.021650836668710514,16.414130210876465
0.0,83,150.75360405793683,0.02456846353600896,16.561241626739502
0.0,84,152.970851534925,0.022420883779981,16.730483770370483
0.0,85,152.7980753600189,0.02549546375335226,16.877593755722046
0.0,86,153.5351309055901,0.025442136871600626,17.046844244003296
0.0,87,152.98301636672747,0.01899909086764697,17.19394612312317
0.0,88,153.53380485670573,0.023669742653730622,17.36320209503174
0.0,89,155.57561817637492,0.021468686418302668,17.516825199127197
0.0,90,156.28087280206648,0.018847441630847634,17.679561614990234
0.0,91,157.36470984373543,0.025991348328185934,17.848849296569824
0.0,92,158.83278432493051,0.024079464301254457,18.018080234527588
0.0,93,159.54929797327418,0.021451992094172718,18.180819511413574
0.0,94,161.22127232545097,0.01805238530184232,18.33452081680298
0.0,95,161.42461232500145,0.023579990958606464,18.497314929962158
0.0,96,162.36463650967096,0.02205589719128246,18.66659379005432
0.0,97,162.9168319875477,0.016846874390909164,18.82020139694214
0.0,98,163.84296396885148,0.014890986923819332,18.99855875968933
0.0,99,163.84862586200157,0.023593963845993403,19.152191162109375
0.0,100,164.76807715757133,0.017978997063930833,19.337072610855103
0.0,101,167.35555563135256,0.01992440267670694,19.52199935913086
0.0,102,171.07428834660485,0.02431700479833995,19.700358390808105
0.0,103,171.45815154550763,0.023489629332307593,19.869656562805176
0.0,104,172.20356545871837,0.018730042169807126,20.038880109786987
0.0,105,172.75444808799566,0.02465194623696778,20.201605558395386
0.0,106,170.92147081091724,0.021077427171230095,20.37085485458374
0.0,107,171.81634016866158,0.0151583177721237,20.571364879608154
0.0,108,172.0041723352546,0.016252213788776677,20.74060845375061
0.0,109,172.9276810769851,0.016623530715064297,20.941121339797974
0.0,110,171.8169405440104,0.019553065172617762,21.1038498878479
0.0,111,173.67846196203286,0.01569433358871005,21.257489919662476
0.0,112,174.17876736429739,0.01658295652947093,21.42672610282898
0.0,113,174.55808181234886,0.015903045789774178,21.589465856552124
0.0,114,173.2243742169233,0.016586024250737214,21.758699417114258
0.0,115,172.67710404961613,0.019674230190104128,21.9214346408844
0.0,116,172.65882329631378,0.014130442665596625,22.090679168701172
0.0,117,172.84661173693638,0.01678682531999595,22.259961128234863
0.0,118,173.20896990790038,0.018526165667420106,22.429242610931396
0.0,119,173.57421756631055,0.018508783511082313,22.591981887817383
0.0,120,172.98671235384438,0.016341674424557587,22.77684450149536
0.0,121,173.19937581602684,0.014860537475156851,22.930492401123047
0.0,122,174.09941120121843,0.017078681106069644,23.093230962753296
0.0,123,173.0162381978771,0.015068492095307997,23.278098344802856
0.0,124,171.72500564645378,0.014875580064720275,23.44733762741089
0.0,125,173.75451363785126,0.014840258425715003,23.610064029693604
0.0,126,175.79114394578986,0.015230230821690371,23.779319047927856
0.0,127,176.54644279070283,0.015045617443309544,23.9329354763031
0.0,128,180.23033285797698,0.016884785865966874,24.111294269561768
0.0,129,181.3232108389756,0.013314016509105494,24.280551433563232
0.0,130,183.18777452116964,0.014938171867894421,24.449807167053223
0.0,131,185.035580795662,0.01417841046436128,24.634660005569458
0.0,132,183.2003977734661,0.013100592523720445,24.797394514083862
0.0,133,184.10796495995754,0.016281480900270342,24.982269763946533
0.0,134,185.9436966538285,0.01382226069572277,25.15154790878296
0.0,135,186.31213533804882,0.013137818739973037,25.32986879348755
0.0,136,186.66136632900103,0.012576923545416206,25.4991397857666
0.0,137,189.61054675287036,0.015304599423508272,25.66843271255493
0.0,138,188.51035439002587,0.012243048446956064,25.868931531906128
0.0,139,190.3464728482755,0.010747496888351313,26.038182735443115
0.0,140,191.50736176113358,0.013103321604963157,26.21657109260559
0.0,141,192.085632778251,0.011952125565123612,26.401438236236572
0.0,142,192.447548583285,0.01309789165560703,26.570690870285034
0.0,143,190.99039406396207,0.014010393407049326,26.73993468284607
0.0,144,192.64567698517487,0.011824760260091218,26.933907985687256
0.0,145,195.05194981271674,0.012269982201559613,27.103160858154297
0.0,146,194.12207131404276,0.011055917498180731,27.27240300178528
0.0,147,194.3097272757892,0.011907461190219735,27.44164800643921
0.0,148,194.49856012723103,0.012445397103727902,27.635621070861816
0.0,149,196.91779136021424,0.011574614520635853,27.80487084388733
0.0,150,195.8217267184681,0.012670017606599766,27.98973560333252
0.0,151,194.9175708904686,0.012346858204711668,28.159013509750366
0.0,152,193.77053672580652,0.01026756807528472,28.343904972076416
0.0,153,193.77139905489886,0.01049247513615084,28.522273540496826
0.0,154,193.76907645698537,0.010958629519907162,28.72278618812561
0.0,155,194.1425292093128,0.010963155964197396,28.892040252685547
0.0,156,196.53557431578764,0.01014020921942261,29.07691264152527
0.0,157,195.6432153244674,0.011680339098426602,29.277403354644775
0.0,158,195.06542050177282,0.00993026779144738,29.462324380874634
0.0,159,195.08454181399256,0.01122044933257355,29.640676736831665
0.0,160,196.93674703926456,0.011982164016761242,29.8099262714386
0.0,161,194.69724331123106,0.011455856286454574,29.979174613952637
0.0,162,195.87674553652948,0.011294807885973082,30.164135217666626
0.0,163,198.62896744568513,0.011029745004829884,30.342493057250977
0.0,164,197.1762132347515,0.012314933899639988,30.52736258506775
0.0,165,196.98172597139938,0.010818003618243654,30.696608543395996
0.0,166,197.00071254310677,0.009802017152904257,30.881479740142822
0.0,167,198.83295297619134,0.012464192137109248,31.066429376602173
0.0,168,198.83423463337672,0.010893821033635277,31.25132179260254
0.0,169,198.10907422447264,0.008871678303372169,31.414072275161743
0.0,170,198.16398557918816,0.00859725401067803,31.598935842514038
0.0,171,199.40340126013564,0.010636715091478694,31.768191814422607
0.0,172,198.489741376321,0.010451219693388114,31.999927043914795
0.0,173,199.4164021572875,0.009447227566746931,32.16923904418945
0.0,174,203.26126568049875,0.01009430638923716,32.369725942611694
0.0,175,201.59680332411008,0.010707597194015041,32.548147439956665
0.0,176,206.77574916352634,0.009205211570336208,32.71739077568054
0.0,177,206.59264032641556,0.009260361840064615,32.91797208786011
0.0,178,204.0083570767607,0.00940341462449103,33.10285234451294
0.0,179,204.57892834481962,0.008875658585753942,33.27209758758545
0.0,180,203.85354346153872,0.011636769914550902,33.456953287124634
0.0,181,203.66694730166827,0.009833794263617803,33.63530874252319
0.0,182,206.0500781637668,0.010547135502072416,33.82018446922302
0.0,183,203.97057553429815,0.008746646647604168,34.005096435546875
0.0,184,203.27643873028634,0.009838992859403569,34.17431974411011
0.0,185,203.27481363315664,0.009047528844374568,34.352678537368774
0.0,186,204.04219645777616,0.012174052483528907,34.53754210472107
0.0,187,202.20363042710898,0.009909779518102454,34.72241139411926
0.0,188,202.18204605517568,0.00969877990854371,34.89165949821472
0.0,189,201.237902677442,0.009964419110325373,35.07653021812439
0.0,190,203.2454166005169,0.007836401528075665,35.23935890197754
0.0,191,202.14708646727672,0.00907648194784836,35.424253940582275
0.0,192,202.14374666417973,0.009836903599523734,35.59352374076843
0.0,193,203.597301827443,0.01136656708201259,35.77841234207153
0.0,194,204.15639264187456,0.007706621558245716,35.96327090263367
0.0,195,204.51226314818226,0.009138691471857906,36.141658782958984
0.0,196,205.81147567473872,0.010291339217913864,36.31092619895935
0.0,197,204.5129737094911,0.00957643950111891,36.49580717086792
0.0,198,203.77436339159487,0.009153866708281728,36.68078684806824
0.0,199,200.98903215224243,0.0076874397709763955,36.8656439781189
0.0,200,202.83363328093773,0.008826907455791346,37.066206216812134
0.0,201,204.49062430259673,0.008695425609266536,37.266701459884644
0.0,202,204.52866621355318,0.009198204019012376,37.48282074928284
0.0,203,204.15150561742948,0.008134718179505788,37.71466541290283
0.0,204,203.9591693290636,0.009830870199698173,37.946417808532715
0.0,205,203.59927326988327,0.008231949930390765,38.16906452178955
0.0,206,203.03640416082743,0.006724737359853375,38.38526201248169
0.0,207,204.49966338685178,0.008490888710017545,38.60138392448425
0.0,208,206.72460329448063,0.009560076423985802,38.801899909973145
0.0,209,206.15794367792532,0.008138098752919614,38.98673605918884
0.0,210,204.30635470414364,0.008456877961908499,39.14946222305298
0.0,211,203.95893514996024,0.007260390862196839,39.34996461868286
0.0,212,204.31547427338108,0.008088281020644244,39.51924967765808
0.0,213,202.65674224101275,0.008161450751063693,39.70412063598633
0.0,214,205.9909132156302,0.009799869625028395,39.889102935791016
0.0,215,207.47834163093626,0.007660768017981942,40.08955526351929
0.0,216,207.27943680668176,0.007986125406698628,40.27441477775574
0.0,217,210.07087585651252,0.008492824888153021,40.45277285575867
0.0,218,211.7375646968041,0.007968975010861518,40.65329337120056
0.0,219,213.1954242294028,0.008059339046898316,40.8538601398468
0.0,220,212.0304288800101,0.007714145180464414,41.038753271102905
0.0,221,209.48608947598447,0.008751383870516265,41.22359228134155
0.0,222,212.81999936017087,0.008828418878188932,41.439701318740845
0.0,223,212.64005584551046,0.007597571744189046,41.608946084976196
0.0,224,209.5436104990671,0.006049368605240108,41.793808698654175
0.0,225,210.66359188454646,0.00820400329692284,41.97866892814636
0.0,226,203.27666830607592,0.008083574897304113,42.17267179489136
0.0,227,201.9498935659346,0.00875018471525337,42.34190773963928
0.0,228,202.3301778013337,0.006784812931711474,42.54239368438721
0.0,229,202.33250986756445,0.008707838227271534,42.727272748947144
0.0,230,200.84733474049943,0.006720763544765158,42.912134647369385
0.0,231,202.52075558174792,0.006473283017828871,43.09701681137085
0.0,232,200.324448025073,0.007575962184836435,43.28197193145752
0.0,233,200.38739845074997,0.007439614715881464,43.460355043411255
0.0,234,199.5911401156449,0.007343958272124407,43.64528751373291
0.0,235,200.70861105659515,0.008523022675245797,43.814533710479736
0.0,236,203.86170007782482,0.005945213865157724,44.01501536369324
0.0,237,203.84696891131472,0.007414551096840083,44.18432664871216
0.0,238,206.8525247261941,0.006787706550997111,44.36271643638611
0.0,239,205.60559658868885,0.00671889510925076,44.54754853248596
0.0,240,203.05539290372843,0.005970377493576462,44.73241066932678
0.0,241,204.53709831119068,0.007583051528775165,44.91731262207031
0.0,242,203.46118590540425,0.008717710131415313,45.1021888256073
0.0,243,205.1520078578004,0.006443931598653014,45.287057638168335
0.0,244,203.85074341794382,0.007287220260866388,45.481032609939575
0.0,245,201.99521082007635,0.008630164799548545,45.6502742767334
0.0,246,204.9253410238208,0.006995867925598634,45.83517122268677
0.0,247,205.1145585756262,0.006449953596759845,46.02000164985657
0.0,248,205.66899311258553,0.007739139862103572,46.20487093925476
0.0,249,207.5190365865692,0.007496241070087577,46.40535640716553
0.0,250,208.83225267385313,0.006195742913202271,46.590240240097046
0.0,251,209.38061489545657,0.006358586666659572,46.784244537353516
0.0,252,207.71015851096152,0.006713178309146093,46.99134421348572
0.0,253,209.0065869749396,0.0068064105413507235,47.20757555961609
0.0,254,211.22818005279558,0.006265252461921573,47.40806245803833
0.0,255,211.95796876457405,0.00638770627973114,47.58640718460083
0.0,256,211.4080587745076,0.00656555707521745,47.755656719207764
0.0,257,210.68960790179287,0.005987841401370566,47.95616436004639
0.0,258,209.61206744578797,0.007649662768530924,48.141029834747314
0.0,259,210.5453295838556,0.006000754029582798,48.310285806655884
0.0,260,210.91260284038776,0.00592752418602676,48.49513792991638
0.0,261,211.84420765459473,0.006021823348445338,48.673492193222046
0.0,262,214.3997599329744,0.006603481507783663,48.87398552894592
0.0,263,213.48212891786469,0.0069280474611505905,49.07448363304138
0.0,264,211.61706768877434,0.006350407784274354,49.29059362411499
0.0,265,212.9123636467705,0.006693580076657057,49.47550702095032
0.0,266,214.2194925641929,0.007261478557582797,49.66038250923157
0.0,267,211.07906029275028,0.006094714014655559,49.8764591217041
0.0,268,209.5904170404215,0.00745560434798648,50.06133151054382
0.0,269,207.94816073446427,0.008198215273444833,50.26181626319885
0.0,270,208.92566351418085,0.007120636123588931,50.44668626785278
0.0,271,208.3597879930152,0.006593096564081403,50.631558656692505
0.0,272,204.67963044976102,0.007329889644321944,50.816428661346436
0.0,273,203.00843713527524,0.007084086287006162,51.001288652420044
0.0,274,204.29929942735995,0.006084864970645318,51.20176887512207
0.0,275,202.97175098782503,0.006315386136061811,51.38012480735779
0.0,276,205.00028372781904,0.006270882345459396,51.58061981201172
0.0,277,208.74284505652395,0.006373445408086239,51.76548957824707
0.0,278,207.2540445816857,0.005959223230820618,51.95035409927368
0.0,279,207.61256559705103,0.006182212825247188,52.15087389945984
0.0,280,208.35791112622567,0.005691958279131508,52.36699557304382
0.0,281,205.3934665401751,0.004940036127465723,52.551839113235474
0.0,282,207.2322251938196,0.006121452269007938,52.73674273490906
0.0,283,206.9761957304609,0.005524869696080028,52.93726301193237
0.0,284,205.89874731638952,0.006471433406211089,53.12212800979614
0.0,285,209.7751335378136,0.005176264109134021,53.32264423370361
0.0,286,205.47645719426717,0.006500082465069391,53.50099730491638
0.0,287,203.08163856658538,0.006253367638671367,53.72363996505737
0.0,288,200.63494509799418,0.007633710281175496,53.908501386642456
0.0,289,204.50297285462287,0.0063839328686453155,54.10247492790222
0.0,290,205.41430081474053,0.006410538040119933,54.28737258911133
0.0,291,203.91251953102724,0.005521850423997107,54.48783874511719
0.0,292,203.16213569593754,0.005936529304143789,54.67271614074707
0.0,293,202.2242040967514,0.005662894316665323,54.857576847076416
0.0,294,200.74877669327716,0.0067078317736548486,55.04244303703308
0.0,295,203.89146404937813,0.00567660574763841,55.24292469024658
0.0,296,203.92655753364667,0.005418598476347653,55.44341444969177
0.0,297,204.82810312444178,0.005806171499724363,55.62829804420471
0.0,298,206.2885935247976,0.005878926659068198,55.8288938999176
0.0,299,207.3908180665655,0.005586013237714258,56.01378846168518
0.0,300,204.7511176261774,0.006301820581431801,56.207823276519775
0.0,301,201.59963011118086,0.005952722147772813,56.39271950721741
0.0,302,202.52127072795807,0.0058454306041965266,56.59323716163635
0.0,303,201.59942944504346,0.006665935214998816,56.79374623298645
0.0,304,200.68312657470895,0.005599078932048442,56.97861838340759
0.0,305,199.93977673079098,0.006147856859155166,57.17910289764404
0.0,306,198.64199149232118,0.005922155805678859,57.36401391029358
0.0,307,198.24234309242365,0.006216856150289247,57.53327226638794
0.0,308,196.18586671635853,0.004596569528156286,57.73383808135986
0.0,309,196.9185849452774,0.005716356579352998,57.91872048377991
0.0,310,198.9616522924707,0.005602441005167626,58.11272668838501
0.0,311,198.39782141568566,0.005661297712101323,58.350961446762085
0.0,312,193.61567561258886,0.005640022160332516,58.53582549095154
0.0,313,196.2102455526061,0.005174622465762672,58.720773696899414
0.0,314,194.3674406749925,0.004664364906007874,58.92128396034241
0.0,315,192.14137860647247,0.005178970117755497,59.0996413230896
0.0,316,190.8087558517404,0.005054121035933402,59.30013632774353
0.0,317,191.10139847436886,0.0059573200404538255,59.48502969741821
0.0,318,189.98652309060395,0.005203000029102839,59.68552207946777
0.0,319,190.72369140469215,0.0049272523588445175,59.90163445472717
0.0,320,189.76794917293776,0.005670004974335527,60.08650732040405
0.0,321,192.16187270545998,0.005102285919102355,60.27137231826782
0.0,322,191.79211886920473,0.005706037516556077,60.50310397148132
0.0,323,192.70656964838537,0.005856989313313557,60.68797755241394
0.0,324,191.01614419245797,0.005137171504618225,60.87287712097168
0.0,325,192.34103014228694,0.00500083600036332,61.05770802497864
0.0,326,191.58187819618053,0.00475703324775596,61.27382135391235
0.0,327,187.3154320080812,0.005071482525361702,61.47431182861328
0.0,328,187.66622980327273,0.005152762394808608,61.659178733825684
0.0,329,190.82425721057842,0.005070972068983211,61.85966777801514
0.0,330,192.0870971672509,0.006345431262505087,62.044596672058105
0.0,331,194.1087848854876,0.0056499806736304906,62.229435443878174
0.0,332,193.36454594063756,0.006212156519566498,62.42991280555725
0.0,333,196.200507447132,0.004966762262127841,62.62391972541809
0.0,334,200.05686061768898,0.005905355486462752,62.83099889755249
0.0,335,195.97635921041015,0.006054356405522366,63.03158903121948
0.0,336,198.04800965681991,0.005782220383579354,63.225600719451904
0.0,337,198.59505903340622,0.004912042178411781,63.4326286315918
0.0,338,200.81287061675894,0.004846328868305767,63.611024618148804
0.0,339,199.35231660682427,0.0054739624858940175,63.81156945228577
0.0,340,199.15368704794335,0.004893289775018888,64.01205444335938
0.0,341,198.0414022599681,0.004545546997248106,64.19691801071167
0.0,342,199.8870589793896,0.0062515244346948075,64.41303014755249
0.0,343,201.74402074065304,0.0052532116377304325,64.59789538383484
0.0,344,202.27348454015385,0.005806657588496111,64.79838180541992
0.0,345,197.48309703288746,0.005002901798389689,64.98326015472412
0.0,346,195.61936808460368,0.0046657092766418376,65.18378210067749
0.0,347,196.73831791286295,0.004643485452501585,65.36868357658386
0.0,348,196.1890985233353,0.005458539134124811,65.5535454750061
0.0,349,195.06863934713468,0.00451486071171809,65.76965355873108
0.0,350,196.37289356825787,0.004654553733255993,65.98577547073364
0.0,351,197.12562773838172,0.005032400323797411,66.17066931724548
0.0,352,198.03692826514725,0.00500243951927977,66.3555338382721
0.0,353,199.69742687777295,0.004719104881385169,66.55607962608337
0.0,354,198.90045675266242,0.0048521713302434565,66.74097895622253
0.0,355,198.9049415862709,0.004677920623980396,66.91933703422546
0.0,356,199.83636381465394,0.004606090053015404,67.11982798576355
0.0,357,200.4135434414489,0.005915257406886246,67.3424563407898
0.0,358,202.6254161963321,0.004721256629662116,67.53642916679382
0.0,359,200.21698938490644,0.005214185126655979,67.72129011154175
0.0,360,197.99118018348193,0.004223140336446484,67.94399547576904
0.0,361,200.95318902464686,0.005404954302215183,68.14457893371582
0.0,362,200.77560239495995,0.004786070880647449,68.33860850334167
0.0,363,198.18786556404095,0.0050156754013875125,68.53916621208191
0.0,364,199.99740153942844,0.005257151761113892,68.70842576026917
0.0,365,201.09742855140976,0.004738188425147791,68.89329099655151
0.0,366,200.19156945493623,0.004472651332029342,69.09378433227539
0.0,367,200.43987265822886,0.004906788955887459,69.27870011329651
0.0,368,200.84061635488072,0.004902876780870812,69.47923612594604
0.0,369,201.54978105064066,0.00491921048833937,69.67972135543823
0.0,370,203.0503507172631,0.004219975565211226,69.88020610809326
0.0,371,203.26213446288295,0.003565363278737005,70.11194109916687
0.0,372,206.78118722062516,0.0052369882015647785,70.31256771087646
0.0,373,208.63623147784995,0.00446964691105674,70.5130763053894
0.0,374,209.5802747575451,0.00482103836060834,70.71354103088379
0.0,375,209.57649795885166,0.004901253899173843,70.89840698242188
0.0,376,210.33125550353373,0.004569551001464998,71.0833249092102
0.0,377,210.69779045939703,0.004392429946748031,71.2838122844696
0.0,378,210.13725097758888,0.00429498578873456,71.46874713897705
0.0,379,207.15764084618024,0.0045539818464918665,71.66920757293701
0.0,380,206.2730458821431,0.005609370621727901,71.86969923973083
0.0,381,203.87912555086143,0.0042063285606347795,72.05455350875854
0.0,382,203.49424288239715,0.004148933847839847,72.25503301620483
0.0,383,199.61828728517125,0.005168349649571909,72.44900441169739
0.0,384,195.3996428420371,0.004229017101955112,72.64952874183655
0.0,385,197.25527777078253,0.004483255565763373,72.8343915939331
0.0,386,194.79777358635982,0.004809559235440429,73.03487968444824
0.0,387,196.2991095041395,0.00426928160742226,73.21978688240051
0.0,388,195.56735667336193,0.005266206140475834,73.4203200340271
0.0,389,193.89353021352935,0.005064252509112247,73.60519313812256
0.0,390,193.70217922471093,0.0037496371166110026,73.80575370788574
0.0,391,199.08045839080478,0.004538475075419236,74.0375497341156
0.0,392,198.70039539217086,0.005066292175418367,74.25363898277283
0.0,393,195.15562680997266,0.004924191293354348,74.43854856491089
0.0,394,197.40806465443515,0.003857141326625872,74.63911700248718
0.0,395,198.88783500743182,0.004911862892594754,74.8239541053772
0.0,396,197.75632814956464,0.004554662269291345,75.00886082649231
0.0,397,198.10977361079892,0.004257506953349085,75.20934748649597
0.0,398,198.8436761959236,0.005311761196248563,75.39422154426575
0.0,399,197.55694031707537,0.003996592081259129,75.6103241443634
0.0,400,196.4679301133889,0.004800760664349274,75.82654118537903
0.0,401,197.004920234179,0.004687540728923853,76.04265570640564
0.0,402,197.01233606174748,0.004485156131699127,76.28091263771057
0.0,403,198.28485281989612,0.005124786985531814,76.52826595306396
0.0,404,198.87161996100423,0.0035958477069560246,76.74438214302063
0.0,405,200.11568835221198,0.004650628980831787,76.96707653999329
0.0,406,199.91956192546158,0.004301324192724206,77.18319487571716
0.0,407,199.00483922233153,0.004984120477741692,77.39931011199951
0.0,408,201.18722941055353,0.004136656307444314,77.61541485786438
0.0,409,202.29261506463448,0.004111630708392733,77.83151912689209
0.0,410,203.1102489423907,0.004004718664672793,78.04765820503235
0.0,411,199.7730929782465,0.004440541950780084,78.30579447746277
0.0,412,202.1806416565631,0.0040079192658956835,78.5334882736206
0.0,413,200.85660287361839,0.004535188192883466,78.76210117340088
0.0,414,200.91169726032018,0.005215204068211743,79.00381016731262
0.0,415,200.7233992632468,0.003993832628327761,79.22580528259277
0.0,416,200.35352070255834,0.004407240198341388,79.45495438575745
0.0,417,201.11254110552275,0.004465353124582302,79.65297865867615
0.0,418,200.1223639607348,0.003908145307195287,79.93770384788513
0.0,419,199.79101318645255,0.004090801824534283,80.23082375526428
0.0,420,201.2727784447505,0.003582207128719123,80.46120524406433
0.0,421,202.7096739352409,0.003718606359984949,80.69757342338562
0.0,422,203.8320198830679,0.004612105947352934,80.95265102386475
0.0,423,206.59624147203024,0.003844373190997702,81.164297580719
0.0,424,206.9678579067748,0.004483130997500356,81.39774322509766
0.0,425,205.48241143816853,0.004367631065036563,81.69828772544861
0.0,426,205.66656685316232,0.004700906015949524,81.97554588317871
0.0,427,205.66753852402837,0.0036021132823114955,82.2269434928894
0.0,428,206.7918667780931,0.005291581747972915,82.45729327201843
0.0,429,206.41194828759234,0.003683600536935566,82.69166946411133
0.0,430,209.3653066992872,0.004269107102225203,82.94308996200562
0.0,431,214.17040717144334,0.005095652308948206,83.16838812828064
0.0,432,212.69888123274595,0.0047969915962784064,83.38189315795898
0.0,433,214.0032942318326,0.004125710454384811,83.6105043888092
0.0,434,214.54527419010978,0.0045907859164987345,83.83381748199463
0.0,435,214.0046847698008,0.003491245800450892,84.05744743347168
0.0,436,214.05184391680174,0.004342839670734341,84.27405524253845
0.0,437,215.31348954519922,0.0036985411871816374,84.51488423347473
0.0,438,215.68732544027674,0.004189010687725019,84.7292263507843
0.0,439,214.01665499289112,0.004587067299088696,84.96031379699707
0.0,440,215.53304960465834,0.0038596958207247557,85.18394041061401
0.0,441,213.5049448833177,0.0040700779032467604,85.43018865585327
0.0,442,215.3682401173503,0.0041418152961751175,85.66184067726135
0.0,443,217.80537956879132,0.004439976173008661,85.93159985542297
0.0,444,216.10946538562283,0.0035601289355363646,86.13371253013611
0.0,445,215.91167999168917,0.0039697927363029056,86.36402463912964
0.0,446,216.87064982712465,0.0037474992053688054,86.57466220855713
0.0,447,216.71033856066754,0.0034065254875057798,86.79892992973328
0.0,448,218.0361483767928,0.003418403893306521,87.03468346595764
0.0,449,219.1389973937005,0.004431980355312862,87.3248565196991
0.0,450,220.24076768231316,0.004561047434468412,87.55123853683472
0.0,451,220.07333271180275,0.0035805113609270584,87.75162887573242
0.0,452,219.50936115088814,0.003672626407202143,87.99942684173584
0.0,453,221.78829016084504,0.00427208480996487,88.22194027900696
0.0,454,221.6270911742395,0.004412844570758494,88.43829703330994
0.0,455,224.29350835203712,0.00376035368661618,88.67392611503601
0.0,456,224.30609583489527,0.005185733940472337,88.9160749912262
0.0,457,224.84586238262818,0.0037948633464486054,89.14225482940674
0.0,458,222.32106047726356,0.003994316054447866,89.37495064735413
0.0,459,222.14514492685802,0.0044297874086954726,89.59557366371155
0.0,460,222.03248340438205,0.003613532896382687,89.85357189178467
0.0,461,222.21141968563924,0.0037114884088835674,90.09293174743652
0.0,462,221.29027071210115,0.00482542399648149,90.37520837783813
0.0,463,225.77356218802868,0.003652823345303312,90.62650442123413
0.0,464,226.4832173637009,0.004687694810435123,90.85090279579163
0.0,465,223.88251662209146,0.0032969431058172786,91.05143713951111
0.0,466,224.63946147177774,0.0038772753468913025,91.26895546913147
0.0,467,226.4791454242327,0.0036993563260960148,91.5027015209198
0.0,468,229.2861568914988,0.003850512713382372,91.71268630027771
0.0,469,231.12484703716248,0.0033091834995814407,91.92421913146973
0.0,470,230.18620662340055,0.0036886080131542016,92.13431549072266
0.0,471,229.12237727253267,0.0038612519112135365,92.35697102546692
0.0,472,229.8473330375339,0.003632703284321401,92.59013867378235
0.0,473,227.82791461919226,0.004169725699533166,92.789724111557
0.0,474,228.93214828837475,0.0038865335152280193,93.00582671165466
0.0,475,232.26949990599954,0.00356480006559855,93.24371981620789
0.0,476,230.62021843564898,0.004048737798358495,93.44428586959839
0.0,477,233.02467620272373,0.0038397396867608765,93.66522908210754
0.0,478,233.00592753333737,0.0031931329349238974,93.87634921073914
0.0,479,234.7071778741282,0.004679014743319415,94.0921323299408
0.0,480,231.5625326918794,0.004299512121452537,94.30835247039795
0.0,481,228.7626356570405,0.004229894905343325,94.53105783462524
0.0,482,228.96233811862294,0.003864728758938715,94.74710893630981
0.0,483,227.81918326965626,0.0036373548562471836,94.96322727203369
0.0,484,228.945634068026,0.003794890055424577,95.18047499656677
0.0,485,228.0083165765701,0.0034707284786992102,95.39516615867615
0.0,486,232.2824945542184,0.0034802371753791554,95.62628388404846
0.0,487,233.06075265360448,0.0035972745757332798,95.83384990692139
0.0,488,232.1323927500279,0.004189883016531334,96.06562542915344
0.0,489,234.19272307242343,0.004000668188112696,96.30051684379578
0.0,490,230.84876591735923,0.004056092132138124,96.49751591682434
0.0,491,227.67347383718527,0.0030055099732420125,96.71351194381714
0.0,492,228.96823848271305,0.00386885782497195,96.93592929840088
0.0,493,228.03085652164467,0.0032552032345433608,97.1519079208374
0.0,494,226.20027571292275,0.00375572791808918,97.43789768218994
0.0,495,226.91985049543527,0.003662387114794885,97.72019100189209
0.0,496,225.37508053058903,0.003900029270416469,97.96202850341797
0.0,497,224.6208667581546,0.0033944058923071414,98.25125908851624
0.0,498,224.92739930176398,0.003617788297614652,98.52951192855835
0.0,499,223.78253578817888,0.003487018978075922,98.8137526512146
0.0,500,225.6646100510956,0.003701771931904353,99.06863713264465
0.0,501,226.39683819971233,0.003179865807781916,99.31599712371826
0.0,502,227.69530363120322,0.003351029904649313,99.53866529464722
0.0,503,224.33373319474805,0.0032827491324798896,99.77043890953064
0.0,504,223.70856506597727,0.003458632244358288,100.01775407791138
0.0,505,221.63178701554284,0.003966305095384193,100.21832537651062
0.0,506,227.1613962427932,0.003646422279057731,100.44094657897949
0.0,507,234.371829663786,0.0037105599083328443,100.64149856567383
0.0,508,234.53469752390365,0.0037921079559773306,100.85761404037476
0.0,509,235.83936172659602,0.003529425133898692,101.05817246437073
0.0,510,236.76450449505487,0.003673326539134781,101.28260850906372
0.0,511,242.90870253789117,0.003190033595092137,101.52190732955933
0.0,512,241.42514047034095,0.004446032949016381,101.74451494216919
0.0,513,238.45229778631747,0.0029323848953941695,101.96064591407776
0.0,514,237.1521782353693,0.0037230596846190276,102.17680430412292
0.0,515,241.9795769612508,0.0037852153104223126,102.40858936309814
0.0,516,244.53384449268265,0.0030198815402832733,102.64701700210571
0.0,517,243.42834497922905,0.0039028342609114266,102.86320209503174
0.0,518,240.48229726598737,0.003414220805843659,103.09494733810425
0.0,519,241.03683753481957,0.003852533856257225,103.31105709075928
0.0,520,239.9467908649813,0.003529336092038073,103.54930233955383
0.0,521,239.35871964481635,0.0030334621594542365,103.7811107635498
0.0,522,235.2764943100974,0.003294139341025093,103.98160886764526
0.0,523,236.00257073431624,0.003573852319799552,104.2133526802063
0.0,524,234.6890300406158,0.003191504698971838,104.4295334815979
0.0,525,232.83717251248905,0.003109038622088547,104.6677577495575
0.0,526,234.86101766007133,0.003963300205846603,104.88390851020813
0.0,527,231.7228155246441,0.0037247131870672464,105.11567974090576
0.0,528,231.55566664169137,0.003237661788108682,105.35396409034729
0.0,529,228.17416357504132,0.0032207650446769193,105.58570528030396
0.0,530,233.33045479242423,0.003589185242125765,105.8486750125885
0.0,531,233.702948197641,0.0034663671926920075,106.05567598342896
0.0,532,235.7631350264819,0.004180229930823057,106.28751611709595
0.0,533,237.63257273155085,0.0037220314466065284,106.51922392845154
0.0,534,236.1563578275201,0.0036217805116244756,106.73534560203552
0.0,535,238.91686587703026,0.0037026269441461958,106.95801424980164
0.0,536,236.26502829791679,0.003541486028190628,107.18975448608398
0.0,537,234.58567268648272,0.003526419720056977,107.40586495399475
0.0,538,233.2782717345359,0.0033300489075575464,107.62198781967163
0.0,539,234.56450304284965,0.003351816971752693,107.8602306842804
0.0,540,235.12987218137172,0.003311753211981423,108.0607225894928
0.0,541,236.24982709326522,0.0035519421841516473,108.29247713088989
0.0,542,232.9203754169885,0.003042529212639497,108.50859904289246
0.0,543,231.61391162125167,0.0030380649858678306,108.72472190856934
0.0,544,236.44174229749967,0.0032467251985788866,108.94084930419922
0.0,545,236.2841999381716,0.003988476099635716,109.15698385238647
0.0,546,236.72631109064696,0.003923240925456321,109.41085028648376
0.0,547,235.99878792400662,0.0031228668506609347,109.62699580192566
0.0,548,234.16553350524117,0.0033266312643821655,109.84311008453369
0.0,549,234.55759794029953,0.0031132057430539595,110.06573057174683
0.0,550,231.20397427262478,0.0031238539405487047,110.29750561714172
0.0,551,232.6738402403607,0.003351835252534433,110.51359033584595
0.0,552,231.94526874915522,0.0037853172659496376,110.72976851463318
0.0,553,231.51662338083045,0.003024904356454872,110.94589233398438
0.0,554,234.55207443584806,0.003643205460266223,111.18417763710022
0.0,555,232.84016588096108,0.00299703945450255,111.40025305747986
0.0,556,227.12839917842066,0.0034435912309523148,111.63201832771301
0.0,557,221.39655652048566,0.0028649846112048325,111.84810042381287
0.0,558,219.91906087521852,0.0037794280241288374,112.07072520256042
0.0,559,219.32931258823376,0.0034808584506006795,112.3024640083313
0.0,560,218.26463274139746,0.0035925145506987706,112.54985880851746
0.0,561,213.2404013903323,0.0035727341374621555,112.77253127098083
0.0,562,218.60174544064063,0.0030619047180697767,112.98864793777466
0.0,563,218.01090678292726,0.004103277718849988,113.18913841247559
0.0,564,219.11666229304842,0.003270657887282313,113.4208824634552
0.0,565,215.80440416433467,0.0031362325437954484,113.63706803321838
0.0,566,215.65908159484272,0.003413168746231956,113.8688132762909
0.0,567,214.35837979795397,0.0038442012449195545,114.09144806861877
0.0,568,215.66017532779398,0.0036134004764297968,114.30758953094482
0.0,569,214.7458101535653,0.003796866593596751,114.5392963886261
0.0,570,217.13152601348983,0.0030939365728775907,114.77107667922974
0.0,571,216.2259445209315,0.003268046120169902,114.99376225471497
0.0,572,215.67761695553997,0.0034416517567014064,115.20984363555908
0.0,573,214.7805303054078,0.003550623276669733,115.44157695770264
0.0,574,215.1777528281898,0.0031625871619583978,115.67337012290955
0.0,575,218.13776534384232,0.0035619372898100248,115.88044309616089
0.0,576,217.19347492843016,0.0032753765115387857,116.11218428611755
0.0,577,221.6233338730043,0.0029954134310861986,116.34395718574524
0.0,578,219.74267656937974,0.0036634550848633164,116.54444456100464
0.0,579,221.62905854410357,0.003446978530584595,116.76057291030884
0.0,580,219.43773316373816,0.003061099522727553,116.97670197486877
0.0,581,219.66006793367822,0.0035985464484554657,117.18369817733765
0.0,582,219.82829537380061,0.003443508376132774,117.43106484413147
0.0,583,219.26207642291217,0.0029735299545946103,117.66280245780945
0.0,584,219.5949180790195,0.0029661638677491975,117.87899279594421
0.0,585,217.35261157284995,0.003339552333499892,118.10169672966003
0.0,586,216.10976064265336,0.0031759921853285016,118.33352184295654
0.0,587,217.03836832282792,0.003621827348955245,118.54960799217224
0.0,588,218.89190103186212,0.003574938882364681,118.78134202957153
0.0,589,217.39392158478094,0.003404041126709542,119.03530669212341
0.0,590,218.68236738861057,0.00277430950643468,119.2358238697052
0.0,591,219.6200986788759,0.003121656649492762,119.46755933761597
0.0,592,221.08819656534982,0.003272779008458646,119.69019532203674
0.0,593,222.58552335949256,0.00296789693373217,119.95321941375732
0.0,594,220.71794831763825,0.003286141028643037,120.19148778915405
0.0,595,220.53499041551987,0.0031735021309079775,120.4076075553894
0.0,596,221.64220446298043,0.003050508363842043,120.62372612953186
0.0,597,224.2523824900471,0.0034034849580598563,120.8398506641388
0.0,598,222.60127868168317,0.002786517858236921,121.05596232414246
0.0,599,222.2625661630487,0.0031643806645270762,121.29422497749329
0.0,600,223.00909047982262,0.0030583863927202896,121.51033782958984
0.0,601,221.5066819270757,0.0027722894286802903,121.72646236419678
0.0,602,220.2159903058248,0.0031767675248376777,121.94258069992065
0.0,603,221.3781480930204,0.003443906871636333,122.19652605056763
0.0,604,218.77729758917354,0.0032004983589781037,122.44389033317566
0.0,605,219.9604988374131,0.0026854750521441463,122.64438581466675
0.0,606,219.79120891923475,0.0027643093164956673,122.89177203178406
0.0,607,218.47559845168544,0.0037399709552646365,123.09880018234253
0.0,608,219.75343548749458,0.003177189648959637,123.33054614067078
0.0,609,220.3338347108238,0.003121297488944313,123.57794260978699
0.0,610,222.93713761521832,0.0030657357127644256,123.80056238174438
0.0,611,223.68867251724365,0.002803438983331919,124.0323338508606
0.0,612,221.097770125285,0.0032164423045964764,124.24841547012329
0.0,613,224.6361449142122,0.003557136987955361,124.48015809059143
0.0,614,228.9447338281271,0.002990061402846097,124.71852540969849
0.0,615,228.56349673544918,0.0034911964014684564,124.95026445388794
0.0,616,227.626705799892,0.003678278666071396,125.16639995574951
0.0,617,226.51289593286046,0.0031650370393201312,125.39816880226135
0.0,618,226.1379903591751,0.002862191949313489,125.60515904426575
0.0,619,224.09934739015318,0.0032723792474717178,125.82127141952515
0.0,620,223.0185179990818,0.0031742926049251395,126.05311751365662
0.0,621,225.18393319294387,0.003014515514685533,126.26921057701111
0.0,622,227.7847856501985,0.0030995783130648383,126.52308821678162
0.0,623,227.21577810192156,0.003128611856402499,126.73919796943665
0.0,624,229.58684253520147,0.0030763298347485078,126.98655796051025
0.0,625,226.630398576218,0.003273401502417801,127.22481441497803
0.0,626,229.80244676509548,0.003240712817574907,127.440927028656
0.0,627,226.2834456918563,0.003292189747027385,127.67266464233398
0.0,628,227.98509879437964,0.0036919663332777033,127.88878130912781
0.0,629,227.98764935846455,0.0035341390456092732,128.11146783828735
0.0,630,226.67747457036126,0.0030875007489993634,128.32758712768555
0.0,631,225.5751111253,0.002901287505239611,128.54371118545532
0.0,632,226.8772276927515,0.003094443974322387,128.77548122406006
0.0,633,229.65279538046315,0.003281489656459364,128.99155616760254
0.0,634,230.04933203609232,0.0030726128390934017,129.2454228401184
0.0,635,229.49312577754344,0.003278782531666084,129.4771728515625
0.0,636,228.5601645859682,0.0027143642046655466,129.69328618049622
0.0,637,227.26449642067183,0.0029375905278594444,129.9159369468689
0.0,638,229.1409682716322,0.0033198210282510527,130.13209438323975
0.0,639,228.23128050914502,0.0032440161236852866,130.34823966026306
0.0,640,227.8524240774899,0.0036203520325616078,130.5643572807312
0.0,641,227.85102564712022,0.0035728951149282366,130.78053903579712
0.0,642,226.5639751857061,0.003672270313639815,131.01878666877747
0.0,643,228.971256573125,0.0029084201438694147,131.25052189826965
0.0,644,229.90313863088895,0.0030540690693273303,131.46664428710938
0.0,645,231.37932220424048,0.003396695834069852,131.68276500701904
0.0,646,234.91412441481327,0.003482873614231328,131.89890146255493
0.0,647,231.2012389894827,0.003162833333468288,132.12151885032654
0.0,648,230.99618130116932,0.003458421078998779,132.35327124595642
0.0,649,231.1566250208215,0.0033426396017591786,132.58502340316772
0.0,650,230.95259711353512,0.00321649068187339,132.82332468032837
0.0,651,231.54868252307944,0.0030855395567360067,133.03947377204895
0.0,652,230.0658815826765,0.003299456493880009,133.2555797100067
0.0,653,228.7769307072704,0.0035404436730336213,133.47169518470764
0.0,654,228.52956926786572,0.0031006308621414134,133.70343232154846
0.0,655,229.09473564967305,0.0034453091318739676,133.9260754585266
0.0,656,229.08994249117993,0.002909503290164083,134.1734483242035
0.0,657,229.6513884304122,0.0030619262764832,134.4052219390869
0.0,658,229.86338479381075,0.0031258195349468444,134.64345145225525
0.0,659,231.54812179683913,0.0038444965779087614,134.87519431114197
0.0,660,234.096009643328,0.0029731344153416644,135.09132766723633
0.0,661,233.3331668358028,0.0032306483037588085,135.3296663761139
0.0,662,236.30306398024643,0.0035114983200756865,135.56143832206726
0.0,663,233.16420011030732,0.0028034577169838365,135.77755904197693
0.0,664,228.33228677460352,0.00303858889946473,136.00935411453247
0.0,665,230.15346541952056,0.002872248140240552,136.23197531700134
0.0,666,228.29828005407515,0.003013092731004679,136.46372151374817
0.0,667,229.1898421121785,0.0029668850465903217,136.69546103477478
0.0,668,232.5333130248452,0.003122144204478205,136.92728781700134
0.0,669,233.21703695226694,0.003024827294257914,137.14991927146912
0.0,670,233.39485921185258,0.002793890106657077,137.38170957565308
0.0,671,229.94943297025654,0.0031398934761214187,137.59779834747314
0.0,672,228.64385750713933,0.0028619412459907822,137.8139123916626
0.0,673,226.9513453568773,0.0027879068777988455,138.05217742919922
0.0,674,224.9157081466115,0.0029499880154845045,138.26829481124878
0.0,675,227.11706611631516,0.002991330643975826,138.5000355243683
0.0,676,225.08325734954246,0.0034584803499237374,138.7382788658142
0.0,677,224.1670974447974,0.0028836814401642895,138.9544234275818
0.0,678,224.72930600853098,0.002707943921121794,139.15488481521606
0.0,679,225.45442492126972,0.0031637278888384844,139.38665556907654
0.0,680,225.83214797755193,0.002925648652410341,139.6027488708496
0.0,681,228.03489171814866,0.003237256163488201,139.84100127220154
0.0,682,230.0746685930795,0.003636425893857683,140.05718421936035
0.0,683,228.77325457375338,0.0034628954702131207,140.28893542289734
0.0,684,229.51430843520987,0.003336082576282653,140.50506448745728
0.0,685,230.30681617281124,0.003448258517251844,140.73680448532104
0.0,686,232.51033038610566,0.0031865943524768073,140.9438021183014
0.0,687,230.83752623225686,0.002823424821222402,141.17555046081543
0.0,688,228.05837628036193,0.0030775678428230204,141.40728974342346
0.0,689,229.169917172381,0.0032339066894838276,141.62340593338013
0.0,690,233.61578931576568,0.002834570884137914,141.84602570533752
0.0,691,234.00150426783307,0.003250497111823173,142.07787775993347
0.0,692,235.28885458999073,0.0030912112431989236,142.30959844589233
0.0,693,231.04008314728762,0.002794754621554903,142.5478081703186
0.0,694,228.43331163527301,0.0030054889568841654,142.76392579078674
0.0,695,229.17485215572694,0.0028465250481689193,142.98004913330078
0.0,696,225.61984396180947,0.00323841982742155,143.2117898464203
0.0,697,228.7559399631477,0.0037853778898042307,143.45003962516785
0.0,698,228.7979121671091,0.003056953270725574,143.66616368293762
0.0,699,229.37111272492157,0.003264266353530581,143.8978989124298
0.0,700,227.72910041798536,0.0028226926668406455,144.1140205860138
0.0,701,227.7288033838236,0.0029436259375744144,144.3523507118225
0.0,702,230.49264096036015,0.0036827733147600464,144.58416318893433
0.0,703,233.60505381431614,0.0027561428728014644,144.81589102745056
0.0,704,234.58877727133716,0.0029120282459548274,145.05420064926147
0.0,705,232.7048977800871,0.002847908344848509,145.2859320640564
0.0,706,236.59154370377834,0.0029760669353067677,145.50205492973328
0.0,707,235.85719441879598,0.002774949028543188,145.7337875366211
0.0,708,234.7170739466584,0.0027155368490824868,145.98765993118286
0.0,709,234.13048353800306,0.003096157255319706,146.21940517425537
0.0,710,228.9710524145113,0.003397526386403261,146.45124769210815
0.0,711,228.80527179407147,0.0025186008093110255,146.6896026134491
0.0,712,223.41875429634794,0.0031960551060425495,146.92136907577515
0.0,713,223.95570952139067,0.0030397305649648688,147.13748288154602
0.0,714,224.09569141439567,0.0031608964884114656,147.3601531982422
0.0,715,226.156876732671,0.0029665431490912093,147.59190464019775
0.0,716,229.29651551155598,0.0026571323106409487,147.82364344596863
0.0,717,232.66963270774878,0.0031463137966617725,148.0553810596466
0.0,718,230.02001627613936,0.0033900883136215054,148.29364347457886
0.0,719,229.48313197086193,0.002963489297206465,148.52537989616394
0.0,720,229.85568866792735,0.003149832584187802,148.74148654937744
0.0,721,231.48874131258341,0.002906800062124067,148.96414875984192
0.0,722,229.46777614420137,0.004123370835109099,149.1959617137909
0.0,723,231.53740376651692,0.0029113783874413664,149.45894575119019
0.0,724,231.37715824119294,0.0032881607662395163,149.68156719207764
0.0,725,228.9853164261007,0.0032353312971364536,149.89771938323975
0.0,726,229.15931733647184,0.0025450673738059127,150.12942147254944
0.0,727,231.37936447686897,0.0027588940493266318,150.3611557483673
0.0,728,229.15350865825928,0.002647133633533631,150.58380484580994
0.0,729,230.09230898617355,0.0027035439241102515,150.799987077713
0.0,730,231.72868269639363,0.0029734098611467054,151.0161247253418
0.0,731,233.40792516453624,0.0032141500659979704,151.23221588134766
0.0,732,230.2296489733607,0.0027439088369019416,151.44831895828247
0.0,733,230.05911434577803,0.0028028204322486055,151.67098212242126
0.0,734,230.07131484633453,0.002777274269769395,151.88710045814514
0.0,735,228.2179364548986,0.0028543013210406993,152.1188361644745
0.0,736,229.34484647874325,0.0028168706278484633,152.35058403015137
0.0,737,230.45712725293595,0.0028556220876947225,152.5667269229889
0.0,738,230.0660140418325,0.0031680439201266946,152.82060265541077
0.0,739,228.54918759494456,0.002947530117883248,153.05233764648438
0.0,740,226.12701709422657,0.0032441016598893763,153.27496218681335
0.0,741,227.21668548296873,0.0028112625741304577,153.5067102909088
0.0,742,226.86305619193246,0.0029333311365283567,153.72284603118896
0.0,743,234.44964045044048,0.0031239801281594663,153.95461678504944
0.0,744,236.4710235641204,0.0030562694994917617,154.19290947914124
0.0,745,237.03034798287408,0.002978882834469752,154.40898871421814
0.0,746,235.37211202210884,0.0027718469013672396,154.62511157989502
0.0,747,234.077155350447,0.00286447927095203,154.8568618297577
0.0,748,236.65593720226482,0.002873316630450547,155.07950687408447
0.0,749,234.7898801957833,0.00291560201271169,155.3112654685974
0.0,750,241.06553909141806,0.002717379246744476,155.52740454673767
0.0,751,241.07044658242438,0.00290355748454953,155.75911235809326
0.0,752,240.1520349714252,0.003026304418213852,155.9817419052124
0.0,753,241.27722311167798,0.0030000672415901736,156.22910571098328
0.0,754,240.54840746042552,0.003200587572453375,156.46087670326233
0.0,755,241.4890269978015,0.002709728347379994,156.68353152275085
0.0,756,239.25098101544697,0.0030350057862891903,156.93092560768127
0.0,757,242.2222865031598,0.0027080463966021786,157.1470069885254
0.0,758,242.4400024627659,0.0030978913359373627,157.41649627685547
0.0,759,240.05864401647688,0.0030302412024967073,157.6638514995575
0.0,760,240.42325360735543,0.0030575316323784556,157.9489643573761
0.0,761,240.96507650810855,0.0033241186794365535,158.2341058254242
0.0,762,242.82409906710257,0.002781137680684401,158.48803877830505
0.0,763,243.01525180042788,0.003304988046404706,158.78881096839905
0.0,764,241.93349863011318,0.002824902533316526,159.05188083648682
0.0,765,238.42617100007737,0.0029421489968246284,159.30576038360596
0.0,766,234.5505514875531,0.0027603574851869446,159.52187967300415
0.0,767,231.54776314731333,0.003160288696858564,159.75364303588867
0.0,768,231.80402788413846,0.0023987579075487628,159.96975255012512
0.0,769,235.1772077076019,0.002676383196397185,160.2236590385437
0.0,770,232.21671146557904,0.0029232698448233524,160.4553942680359
0.0,771,230.20354637010064,0.003098956507231183,160.6936662197113
0.0,772,231.1295293831515,0.003184938840781726,160.90978050231934
0.0,773,228.49891293490907,0.0025831042230051644,161.1259388923645
0.0,774,226.83091091242636,0.0030649427913393944,161.37328553199768
0.0,775,226.46511676260243,0.002699350989205651,161.5959119796753
0.0,776,226.44277505677601,0.0030602794984962056,161.8276505470276
0.0,777,224.5495948350386,0.002960846562479346,162.0906777381897
0.0,778,225.83421953147462,0.003030747046966691,162.31336522102356
0.0,779,223.98799424725854,0.002687973469567664,162.54510736465454
0.0,780,223.46554178325812,0.00296317171772293,162.76122546195984
0.0,781,219.57926915729644,0.0031006015562581824,162.99947714805603
0.0,782,216.99920004949547,0.0026158550434097747,163.231214761734
0.0,783,214.41359756274284,0.0024925764655688537,163.4473271369934
0.0,784,213.10879724649632,0.002519980380870447,163.66346168518066
0.0,785,215.50220153694605,0.0027334390491342312,163.89520955085754
0.0,786,215.67206725538003,0.003216476636541995,164.11783909797668
0.0,787,214.56523643051787,0.0031179220329304353,164.33395767211914
0.0,788,215.88395055608632,0.0030359879353593594,164.58137893676758
0.0,789,214.6230505040677,0.0028247343283420963,164.80398178100586
0.0,790,213.16913896073623,0.0032752300293377844,165.0358226299286
0.0,791,210.58311790143372,0.0030773722983377157,165.2519040107727
0.0,792,209.47560818434806,0.003182060591790891,165.4992618560791
0.0,793,201.6911477384369,0.0031502060549468765,165.7218930721283
0.0,794,200.24014917222846,0.0032165683177965295,165.96928882598877
0.0,795,198.1867633091081,0.0026334068734856836,166.20750045776367
0.0,796,198.92844629443053,0.0029632099070110583,166.43923830986023
0.0,797,201.14505310934382,0.0028432910708376218,166.6553509235382
0.0,798,198.5159537238368,0.002929346758540976,166.88707971572876
0.0,799,199.0775397972862,0.002929680096634377,167.12534022331238
0.0,800,194.46024810216306,0.0028417441101577096,167.35707664489746
0.0,801,193.89582388838318,0.0029568144095215515,167.58881258964539
0.0,802,196.88124565016503,0.0029658557742525964,167.82713270187378
0.0,803,192.0796452744367,0.00299443714045801,168.0432584285736
0.0,804,190.59510773915133,0.0028515168042269833,168.2593638896942
0.0,805,192.0711515059881,0.0031694885491636684,168.49113845825195
0.0,806,191.86775792860593,0.0031673241117546914,168.71374106407166
0.0,807,188.3472426426539,0.0028091249486845117,168.9455144405365
0.0,808,188.5282361347276,0.0031973559634807993,169.17726159095764
0.0,809,191.12691190494743,0.0029452644435211746,169.41547560691833
0.0,810,195.5891227589026,0.0031683460905112624,169.64721727371216
0.0,811,195.7689371996088,0.0028866683422261656,169.87896347045898
0.0,812,198.3712177371016,0.0030017859212724436,170.13293838500977
0.0,813,198.92544722304063,0.0029577126748553378,170.34902930259705
0.0,814,199.29189455960378,0.0027624353642511164,170.61202263832092
0.0,815,198.90931516256143,0.002632587712893105,170.81900811195374
0.0,816,202.9931258176596,0.0030044294723947196,171.06637716293335
0.0,817,204.16789242649818,0.0027474243111939504,171.29811215400696
0.0,818,205.26012724757425,0.003798863407712413,171.52080988883972
0.0,819,203.77391034733412,0.002967359819059228,171.75259470939636
0.0,820,204.11687565672258,0.002455708399194391,171.98433756828308
0.0,821,206.51035749113674,0.003622518954045978,172.2160804271698
0.0,822,209.4409466181836,0.0031255906889600536,172.43870735168457
0.0,823,212.99192523140275,0.0029456682149624418,172.67043948173523
0.0,824,213.73887901854556,0.003019384178048853,172.90221858024597
0.0,825,213.7326211925725,0.0026613628780237015,173.12482047080994
0.0,826,212.09609982241065,0.002639097883526889,173.35655426979065
0.0,827,212.8806843010533,0.00227448117974695,173.58830094337463
0.0,828,213.0764595076178,0.0024321036666322994,173.80441164970398
0.0,829,214.19506050006342,0.0029097831484550763,174.04269289970398
0.0,830,213.06868797521966,0.0030288407840430116,174.2588131427765
0.0,831,212.11950840981427,0.0029924999573333537,174.50620770454407
0.0,832,213.21440434702592,0.0027572185631824274,174.7288944721222
0.0,833,216.17792951604324,0.002850246294580524,174.94505834579468
0.0,834,219.70534730910325,0.002695171447025218,175.17678666114807
0.0,835,219.52388466331752,0.002853541473226996,175.39290809631348
0.0,836,216.3686867063813,0.0031270625283589693,175.62465143203735
0.0,837,215.9566860905055,0.0028911686934388696,175.8316776752472
0.0,838,218.73357116174472,0.0029366194117846985,176.06341791152954
0.0,839,220.02083440502562,0.002984890704013933,176.29515647888184
0.0,840,220.73291360837916,0.002596962514605753,176.53342413902283
0.0,841,222.2281828109821,0.0031079258553717948,176.7651617527008
0.0,842,222.22354541477867,0.0032100510980924675,176.9969358444214
0.0,843,226.48127279801145,0.002975775217968594,177.2508671283722
0.0,844,225.35076588458952,0.0033773778601077086,177.46697807312012
0.0,845,223.14972768971685,0.0026983494096882565,177.69874930381775
0.0,846,226.6548940135047,0.0028689032394241987,177.93698477745056
0.0,847,223.52152660937693,0.002372879300884581,178.16872000694275
0.0,848,226.3542532737906,0.0031818060846713265,178.4160840511322
0.0,849,226.1714285019986,0.0024387782644563734,178.63184213638306
0.0,850,224.83249535102993,0.003115140968901178,178.8856828212738
0.0,851,224.82679160603936,0.0032860297538297016,179.11741495132446
0.0,852,220.5487989756723,0.003048198684819048,179.3557252883911
0.0,853,222.03524227299917,0.0028809937447258176,179.58748769760132
0.0,854,223.86096083975653,0.003025462696833425,179.819180727005
0.0,855,222.5717535535167,0.0029893728570139443,180.08867406845093
0.0,856,222.96976224750597,0.00271830788151669,180.32040429115295
0.0,857,222.9467034129322,0.0024813397711540217,180.54303169250488
0.0,858,222.7365184006341,0.002924102908079728,180.7748372554779
0.0,859,220.62625232503626,0.0029356995208496884,181.00657987594604
0.0,860,215.9602737968015,0.0032473240744745726,181.23832082748413
0.0,861,213.75586787418203,0.0029185936845033183,181.47659254074097
0.0,862,211.69814457098022,0.002962089040343589,181.69270300865173
0.0,863,212.99074928435172,0.0030132192137572156,181.9244418144226
0.0,864,214.30305217223852,0.0027281112396317984,182.14706897735596
0.0,865,213.56719460083306,0.003120190490744422,182.37880516052246
0.0,866,210.03938168699668,0.0025762779333157186,182.6105420589447
0.0,867,207.2416597310203,0.002926166253780167,182.8487823009491
0.0,868,207.9824357448158,0.002578671088004353,183.06489372253418
0.0,869,206.2956301150602,0.0027325481165384035,183.29666805267334
0.0,870,205.8950913100888,0.0029532840627909595,183.5127396583557
0.0,871,204.75761146940098,0.003142014992060621,183.75098490715027
0.0,872,201.99799749458995,0.003353338275728257,183.9828565120697
0.0,873,203.85703167831008,0.0029512875126314216,184.21459889411926
0.0,874,205.5347520343843,0.0030085890308351733,184.4463243484497
0.0,875,206.5905302231704,0.002939562363170536,184.68466114997864
0.0,876,206.57280385202714,0.002980941017671457,184.9320216178894
0.0,877,207.45955881706826,0.0032925671490237163,185.15463662147522
0.0,878,211.35215717643445,0.003370103080786972,185.40200543403625
0.0,879,212.64378911795274,0.002825731475433589,185.63377261161804
0.0,880,212.44914168534274,0.0030680335075306676,185.91887068748474
0.0,881,213.01805996369472,0.0027098167458316736,186.13497400283813
0.0,882,213.00596212384622,0.0028554325076580967,186.37328505516052
0.0,883,210.56873110604698,0.003048652021294965,186.5894033908844
0.0,884,210.12570287797863,0.002692317888640489,186.85889148712158
0.0,885,207.90959949878913,0.003192876600069694,187.07503652572632
0.0,886,210.52603230759266,0.0031068828236861298,187.30673575401306
0.0,887,210.94224357004242,0.0030494563121988465,187.53847002983093
0.0,888,207.96161661364715,0.00292247613170866,187.76108479499817
0.0,889,211.656368284082,0.0035780393217100955,188.00844883918762
0.0,890,212.99056444757866,0.0026948283983139424,188.22463297843933
0.0,891,215.39125218841417,0.0030286090849466524,188.4407753944397
0.0,892,214.64666128798825,0.0029977215946922348,188.66339874267578
0.0,893,211.2487002766502,0.0029239653299393343,188.8795120716095
0.0,894,215.14818927658268,0.003207186367713247,189.1268982887268
0.0,895,217.54924089263739,0.0031259603666186774,189.34301137924194
0.0,896,216.09509381651213,0.0027703901434213175,189.56561279296875
0.0,897,220.4924227103959,0.0026770375279591206,189.8129744529724
0.0,898,217.52088674829886,0.002958645500481267,190.02908778190613
0.0,899,220.8525089165209,0.002761412026284414,190.29858255386353
0.0,900,223.6613134561376,0.002787578382702608,190.51473569869995
0.0,901,223.4927708243228,0.0027368585996227607,190.74643325805664
0.0,902,225.9026906146338,0.003048640432774048,190.969092130661
0.0,903,227.00674986331455,0.0026263801551430007,191.20082831382751
0.0,904,226.65835294180138,0.0028288506663632237,191.4169363975525
0.0,905,225.18223699882574,0.002654425506374982,191.66431713104248
0.0,906,225.72029345745185,0.003283064872678312,191.88693809509277
0.0,907,226.3289090582343,0.0030174587672025526,192.13429141044617
0.0,908,227.08086929722032,0.0032359666486495697,192.3660352230072
0.0,909,226.59288751663914,0.0029474512535188286,192.58867383003235
0.0,910,226.04812769607958,0.0024121930314017245,192.82040166854858
0.0,911,228.9955594894421,0.002960642002372958,193.1055793762207
0.0,912,228.22860605063434,0.002910662187933451,193.3060441017151
0.0,913,227.3319692441003,0.0029999452454894,193.55346155166626
0.0,914,228.07218861477486,0.003195130145229452,193.7916669845581
0.0,915,231.40191555316167,0.0029050343641229114,194.02349257469177
0.0,916,233.0579444355176,0.002927780144251744,194.25519061088562
0.0,917,234.51977037030804,0.002751423973424003,194.4778437614441
0.0,918,230.80299114027986,0.0025573856473368566,194.7252161502838
0.0,919,233.0422690589432,0.0028390641941482223,194.94137001037598
0.0,920,238.2891442623902,0.002526391574834015,195.19524431228638
0.0,921,241.2546571902371,0.0026164552042467638,195.4113528728485
0.0,922,241.23985894479313,0.0030910311099753523,195.67431950569153
0.0,923,239.00859559684267,0.0030225685435450165,195.8969464302063
0.0,924,238.26606846855114,0.0027675964675505306,196.12871289253235
0.0,925,237.95420920281532,0.003019274261318082,196.36043763160706
0.0,926,237.01731079253395,0.002597938740460709,196.59868359565735
0.0,927,235.94971050676048,0.004220388712568041,196.83048558235168
0.0,928,233.12525609847256,0.003668269175389316,197.06226229667664
0.0,929,230.5377573186352,0.003020021005405367,197.28487157821655
0.0,930,228.52144569012032,0.0028708335816891805,197.51662039756775
0.0,931,230.91158355003932,0.002983596835302451,197.73273849487305
0.0,932,231.69014613671752,0.002867873699253272,197.96446633338928
0.0,933,234.88084200622433,0.003429531679971963,198.1806082725525
0.0,934,236.25873330530746,0.002529499599429606,198.3876473903656
0.0,935,237.3593723103516,0.0027712488217200935,198.61944365501404
0.0,936,237.00707249961673,0.0029029889869942867,198.85128450393677
0.0,937,237.73665100082596,0.0035904763438828146,199.08298325538635
0.0,938,239.42223728191865,0.0026710715574870146,199.30560302734375
0.0,939,237.2090133453383,0.002886026628739298,199.53733491897583
0.0,940,236.8230548526248,0.002671186513792715,199.76920104026794
0.0,941,234.6047729997672,0.0028762853735738235,199.99178385734558
0.0,942,234.24207391753416,0.0024544628641195885,200.2079358100891
0.0,943,235.63027455208797,0.0026179314916057127,200.4396710395813
0.0,944,231.54048794713378,0.002964848216829065,200.69354557991028
0.0,945,232.46951198535186,0.0028884222496062817,200.9409339427948
0.0,946,231.7130926722896,0.003020040046530676,201.1726622581482
0.0,947,228.3889187578722,0.003284310810714708,201.39529395103455
0.0,948,232.63078102368726,0.0033353769688951153,201.6270294189453
0.0,949,230.02842028731718,0.0023795368275965983,201.85876774787903
0.0,950,230.3228525389037,0.0026258583213707247,202.0905203819275
0.0,951,232.17042466199095,0.0026908105540355853,202.31317138671875
0.0,952,230.11407942074112,0.003080991100846525,202.5604953765869
0.0,953,228.08454334992612,0.0032072895650966126,202.79228854179382
0.0,954,226.42875673923092,0.003065849182542925,203.01494216918945
0.0,955,226.6127458653473,0.00260804405084711,203.24672389030457
0.0,956,225.5109339370436,0.0026535498835872713,203.47848200798035
0.0,957,227.5283556623182,0.002867042237327959,203.70114588737488
0.0,958,228.65726176337586,0.0027468544668510265,203.9797396659851
0.0,959,229.58959662489747,0.0025547561944739205,204.19586300849915
0.0,960,231.78903245373246,0.003927886922400987,204.4185175895691
0.0,961,230.32314711011807,0.002735024146239118,204.66586804389954
0.0,962,232.18296545536018,0.003097449696582446,204.89762830734253
0.0,963,231.24245413988123,0.0029816120754236454,205.1359474658966
0.0,964,230.11154068461929,0.0029286653304422517,205.36765098571777
0.0,965,229.54796779662414,0.002849172463703444,205.63721418380737
0.0,966,228.44352937201654,0.0029853409902348732,205.90018725395203
0.0,967,229.57524357457294,0.0025653049507907144,206.18529677391052
0.0,968,231.9355676634097,0.003124834656298774,206.42354679107666
0.0,969,231.93088621351507,0.0032048493330734864,206.63966035842896
0.0,970,228.94714239590186,0.002868812569798344,206.90263271331787
0.0,971,227.3124362704374,0.0028815923998101478,207.14087581634521
0.0,972,228.41671326640193,0.0024774276661411222,207.38823318481445
0.0,973,229.5025357361231,0.0028138973012537816,207.62648749351501
0.0,974,228.57976188497238,0.0030200503239893816,207.85822415351868
0.0,975,228.20658083256072,0.00275691594883808,208.12770628929138
0.0,976,229.91073241951275,0.002431411415753994,208.34384751319885
0.0,977,229.3528896981055,0.003206720028486563,208.5912046432495
0.0,978,227.55605241027254,0.0029267589389060152,208.82946848869324
0.0,979,228.28810438974958,0.002939936616357497,209.06120491027832
0.0,980,229.92560493945166,0.0026237911638478995,209.29294276237488
0.0,981,227.33856550535546,0.0028227442200282242,209.53119802474976
0.0,982,227.4957172834124,0.0026124999466689953,209.79417729377747
0.0,983,224.71148870669808,0.0028261563220611484,210.03249859809875
0.0,984,220.04867949148655,0.003031297682201997,210.26422119140625
0.0,985,220.80565971016142,0.0027085704441577353,210.51812148094177
0.0,986,219.6445546465809,0.002822773669645698,210.73429918289185
0.0,987,218.8582114686144,0.002693515352861505,210.95041131973267
0.0,988,217.90806992482325,0.002721081928779975,211.16652369499207
0.0,989,216.24651782573284,0.0027358041366862275,211.3982892036438
0.0,990,217.898436049159,0.002596636401420819,211.65214848518372
0.0,991,218.4538866481853,0.0026626322299591406,211.88388991355896
0.0,992,222.87894111844426,0.0024316608667312454,212.1221625804901
0.0,993,222.12181902196215,0.002640260783233541,212.36958718299866
0.0,994,224.71390527443597,0.0037085965474640634,212.60128116607666
0.0,995,223.4258696622409,0.0026370513380349005,212.8239676952362
0.0,996,227.12416604205993,0.0031821700976681407,213.05573797225952
0.0,997,227.50932261586763,0.0027915785137053685,213.2874710559845
0.0,998,225.29733272176287,0.002843776050685424,213.51920175552368
0.0,999,226.60960884125348,0.0030513482924444933,213.72618913650513
0.0,1000,225.91752575400665,0.003084641465322272,213.9579372406006
0.0,1001,226.47143284143897,0.0032571531478407024,214.1896686553955
0.0,1002,225.92970246351152,0.0029978332795207526,214.4057857990265
0.0,1003,227.60828176644114,0.0027462700969531416,214.6596438884735
0.0,1004,230.69545020927032,0.003010675408468842,214.89137959480286
0.0,1005,233.09383966583746,0.0031493650629298865,215.10752201080322
0.0,1006,232.11497046863454,0.0029568879304968567,215.33010601997375
0.0,1007,233.78598393238684,0.0025086758542896426,215.57749319076538
0.0,1008,232.475121753069,0.0027580893861056327,215.7779552936554
0.0,1009,232.65904145382103,0.0030765987015170027,216.00968980789185
0.0,1010,233.06785231771894,0.003145016727298232,216.2323100566864
0.0,1011,233.24722550107933,0.0026907364018173463,216.46404719352722
0.0,1012,231.98315671436166,0.0031906070217585553,216.71139574050903
0.0,1013,232.9129064921999,0.002621322979596713,216.94965481758118
0.0,1014,235.3412493752148,0.0026708967684607398,217.19704174995422
0.0,1015,233.31732016877413,0.0030891941156141827,217.48216700553894
0.0,1016,234.43351615096634,0.0030104720282132062,217.7829451560974
0.0,1017,234.95704539399097,0.002963931729269867,218.05246543884277
0.0,1018,232.4324653545092,0.0026839997760745023,218.3375747203827
0.0,1019,230.95112352542216,0.002800603615898656,218.60060739517212
0.0,1020,232.26296547945526,0.0026087058875066318,218.838871717453
0.0,1021,231.1557777796367,0.0028637418069785365,219.0549829006195
0.0,1022,229.7054309513508,0.002715566375013192,219.30233573913574
0.0,1023,225.81602869993722,0.003045220011225977,219.55619597434998
0.0,1024,230.05298984356722,0.0029750291106632365,219.78793597221375
0.0,1025,229.27684310361283,0.0030582018976783947,220.00405025482178
0.0,1026,227.78659976474904,0.002888421551184489,220.24229454994202
0.0,1027,229.04037595846225,0.0027271444613529545,220.47404193878174
0.0,1028,231.61636527289448,0.0033521933223829444,220.70584273338318
0.0,1029,230.2820778378803,0.00261666498323508,220.93757343292236
0.0,1030,229.93738457097209,0.003259479430075059,221.16019296646118
0.0,1031,230.1282849180157,0.0025642982132693753,221.39192008972168
0.0,1032,229.22604594667172,0.0026113713726368943,221.62368154525757
0.0,1033,231.0523986357413,0.002947803904835314,221.8462734222412
0.0,1034,230.51112731722012,0.0028794920862382405,222.0780029296875
0.0,1035,233.86575307897513,0.0027415352469925985,222.30977177619934
0.0,1036,234.24515761761202,0.0027505611151681,222.54148125648499
0.0,1037,233.9266224552134,0.003194752137189906,222.76409888267517
0.0,1038,233.20630756075127,0.002744696557805844,222.995831489563
0.0,1039,233.93704968578393,0.002898678808101675,223.22757959365845
0.0,1040,230.43234192145388,0.002752236856719952,223.48146986961365
0.0,1041,229.12913923010495,0.00370525357910719,223.71319603919983
0.0,1042,230.25092109007284,0.0029202957130494474,223.94493174552917
0.0,1043,232.44849384511537,0.0028232565042876838,224.15192413330078
0.0,1044,229.67477242306052,0.0032845033648275295,224.39931750297546
0.0,1045,230.59352638428595,0.003160253987487768,224.64663910865784
0.0,1046,226.6857597405462,0.0030722432360690555,224.8692684173584
0.0,1047,226.31984511479405,0.0029017270534173155,225.08537769317627
0.0,1048,224.83238450999784,0.0027769662288746277,225.3327672481537
0.0,1049,227.61510291663905,0.002888914512307965,225.58671808242798
0.0,1050,226.50199008066633,0.003418605810302685,225.8184893131256
0.0,1051,223.52124583673609,0.0029182397119211795,226.05674362182617
0.0,1052,224.27450535240052,0.0028284502200919643,226.30413579940796
0.0,1053,224.22355775325985,0.0033227375936347066,226.52024006843567
0.0,1054,221.4978171665316,0.002863633447610636,226.73634576797485
0.0,1055,220.75983759035228,0.002645227820582201,226.9746253490448
0.0,1056,222.2841310643213,0.0028007018688134835,227.20636343955994
0.0,1057,218.7594071412379,0.002785387237213122,227.43809938430786
0.0,1058,220.57217673952687,0.0028738878909452055,227.69204020500183
0.0,1059,219.06916433349062,0.003055583904971378,227.92381310462952
0.0,1060,222.40399118277494,0.0039276681149073255,228.177649974823
0.0,1061,222.5651000240561,0.002714507741045363,228.4094579219818
0.0,1062,219.95594100634946,0.002862909350368898,228.64119720458984
0.0,1063,217.91674112521702,0.0032676839011005405,228.8794858455658
0.0,1064,214.76480452313405,0.003165117135202396,229.09556221961975
0.0,1065,215.68697950979936,0.0027520091530090335,229.32730412483215
0.0,1066,214.36665708902325,0.002858163207612861,229.56555891036987
0.0,1067,213.6320572183517,0.003021305302710474,229.7816755771637
0.0,1068,216.95632644158272,0.00297929123170993,230.0134482383728
0.0,1069,216.9347047391947,0.0033008576224333695,230.26080012321472
0.0,1070,219.52204387494442,0.002623340384088762,230.49913811683655
0.0,1071,221.73820661839466,0.002838782895739209,230.73084354400635
0.0,1072,223.01796576855708,0.002808118798527418,230.9847173690796
0.0,1073,223.41280057229946,0.0033232686988955923,231.23211431503296
0.0,1074,219.1621056591965,0.0029564700776963763,231.48596048355103
0.0,1075,221.5806300343347,0.0028523934805495896,231.71769905090332
0.0,1076,221.38987901321377,0.0027321880921820376,231.94944262504578
0.0,1077,221.0668085215674,0.002813826619867626,232.1877043247223
0.0,1078,217.7540563312507,0.002999329865002275,232.40381264686584
0.0,1079,219.74956579339792,0.0026839347406501894,232.63554286956787
0.0,1080,219.5544911234309,0.0029105464859770906,232.8737816810608
0.0,1081,218.81882699555806,0.003046295868201379,233.08993196487427
0.0,1082,219.01550885821948,0.002753873560787441,233.352876663208
0.0,1083,218.10845065958839,0.0031525868361814585,233.5911979675293
0.0,1084,219.03099843425196,0.0031224827404119204,233.83857679367065
0.0,1085,215.30504885609645,0.00324768679176832,234.0546953678131
0.0,1086,216.80395768263216,0.0026118492950440502,234.29308581352234
0.0,1087,221.60169637536148,0.0030773465817103152,234.50919270515442
0.0,1088,223.6248926309627,0.003216255871317906,234.74098777770996
0.0,1089,222.71207152936276,0.0025576111500023074,234.99485874176025
0.0,1090,222.69943213845698,0.0030917530072931245,235.22660183906555
0.0,1091,223.44527326007315,0.003047503078861071,235.48048162460327
0.0,1092,217.6908823223648,0.0031922289377512188,235.72783255577087
0.0,1093,215.8450392376431,0.0028904582424352913,235.95959281921387
0.0,1094,217.70716143808136,0.0025794541858262863,236.19787573814392
0.0,1095,214.74145995632614,0.0032541595285458112,236.4453089237213
0.0,1096,216.23428870636343,0.0033193388862993787,236.66142582893372
0.0,1097,215.8490038602383,0.0032611065217122894,236.89973759651184
0.0,1098,218.6347805588683,0.0029255150334519604,237.14709734916687
0.0,1099,215.29218403559423,0.0030288393613905123,237.3853199481964
0.0,1100,217.34988677557305,0.0028674509053689197,237.6326711177826
0.0,1101,216.43573163329035,0.002925266014208002,237.86440467834473
0.0,1102,216.80355043078941,0.002933273012709974,238.10270619392395
0.0,1103,217.022950781631,0.0033760386066148886,238.33444380760193
0.0,1104,219.81527537039176,0.0030580305483169823,238.5818636417389
0.0,1105,218.8868319310433,0.003304030674265133,238.82018899917603
0.0,1106,217.22476665123943,0.0028271908105018907,239.05193877220154
0.0,1107,218.1768859171877,0.003094195731778874,239.2901566028595
0.0,1108,215.61220118483917,0.002968650517825016,239.50627446174622
0.0,1109,215.60999529025878,0.0025472810131217456,239.73800349235535
0.0,1110,210.596864520263,0.0029541757138303796,239.9919137954712
0.0,1111,210.25703231386126,0.003134547616004837,240.22365140914917
0.0,1112,212.67708440667778,0.0029193101146208545,240.45541906356812
0.0,1113,212.4978873822867,0.0028391898255418686,240.6932671070099
0.0,1114,212.8698370710132,0.003274212366176292,240.92499804496765
0.0,1115,211.71884060504118,0.003067694159271588,241.14115476608276
0.0,1116,213.02283352186274,0.002816296516345627,241.38850593566895
0.0,1117,212.46952009589685,0.003448946611086807,241.62677454948425
0.0,1118,211.3601804334559,0.003204608335392758,241.87412929534912
0.0,1119,209.34826000060522,0.002890459241731526,242.09676909446716
0.0,1120,203.80688616782663,0.0031642413661703323,242.34419202804565
0.0,1121,203.41786231835124,0.0029801701209486377,242.5759003162384
0.0,1122,204.70896604360368,0.0028685930643378454,242.82975482940674
0.0,1123,203.78120299463077,0.003143440113246846,243.06148099899292
0.0,1124,203.77081515608606,0.0028793171567758997,243.2776346206665
0.0,1125,201.19844559492915,0.0033879516337053223,243.51588249206543
0.0,1126,204.54108672713184,0.0032942804425461986,243.7476134300232
0.0,1127,204.88933686932097,0.002960720123329623,243.9637327194214
0.0,1128,207.46163363177723,0.0032095556244164268,244.2019703388214
0.0,1129,205.33005810522448,0.003010337829045782,244.4493227005005
0.0,1130,204.3908338945673,0.002731429173546881,244.71891355514526
0.0,1131,206.020292613482,0.0029759379416320086,244.93509316444397
0.0,1132,207.45927486956367,0.0030266312954516307,245.18251752853394
0.0,1133,205.97922782974285,0.0032929662056277575,245.40515327453613
0.0,1134,208.75581116753673,0.003035467317636913,245.6213276386261
0.0,1135,209.10908234826434,0.003099349465548589,245.86868453025818
0.0,1136,209.67013356800024,0.002501955191721693,246.10693192481995
0.0,1137,209.5123009630045,0.003133328527342838,246.35432958602905
0.0,1138,208.0071583189041,0.002625444754903519,246.60164856910706
0.0,1139,208.890932047288,0.0024944133862144636,246.83992624282837
0.0,1140,208.88655218198332,0.0028977070926255477,247.07167148590088
0.0,1141,208.32650699856404,0.0028713999369210656,247.30990862846375
0.0,1142,210.0165033542649,0.0030014403644316955,247.54168462753296
0.0,1143,208.37480489332228,0.002759654267581031,247.757794380188
0.0,1144,207.39533438794308,0.003317069206911197,248.0051441192627
0.0,1145,212.22888061198307,0.0032928283309805726,248.24341940879822
0.0,1146,211.51926730184235,0.00306789247187879,248.49081301689148
0.0,1147,211.9004079200302,0.0029448893285063255,248.76032614707947
0.0,1148,211.53014339963104,0.0029050457531087977,249.02983283996582
0.0,1149,211.71139621207163,0.003381987160821314,249.30842924118042
0.0,1150,210.59942705914762,0.0035560070896968523,249.5623002052307
0.0,1151,210.60896220633992,0.0029418087240471375,249.84742045402527
0.0,1152,212.2777951386743,0.0029189241570823695,250.11039018630981
0.0,1153,210.42037413184423,0.003116910102279019,250.3798725605011
0.0,1154,209.64669947323364,0.003034132557864851,250.63375306129456
0.0,1155,210.37416105689152,0.0025867525296896865,250.95014548301697
0.0,1156,211.69365898376824,0.002987273165546058,251.2131187915802
0.0,1157,210.56771436454045,0.0031200505316538426,251.52039217948914
0.0,1158,212.25973046856834,0.0030775880754040884,251.78340578079224
0.0,1159,212.4467215531892,0.003065702048489472,252.03728318214417
0.0,1160,211.3220160755799,0.002787644197299694,252.30026006698608
0.0,1161,211.66492159917394,0.003163134378876849,252.55413007736206
0.0,1162,212.3960314311953,0.0032245146212318172,252.82362604141235
0.0,1163,211.27106593000406,0.0034655242077147176,253.07098245620728
0.0,1164,209.96603189506106,0.003315316547348304,253.32484674453735
0.0,1165,209.46116594503383,0.0027576634564528426,253.58782863616943
0.0,1166,213.71595215443867,0.002868587491764351,253.87293243408203
0.0,1167,214.8521222507273,0.002922986395236039,254.15805101394653
0.0,1168,215.77740967572538,0.0031259695348385603,254.42754364013672
0.0,1169,216.33013905666397,0.0032954317440691537,254.6905345916748
0.0,1170,217.43557620396473,0.003022128040232239,254.94441628456116
0.0,1171,216.73611235563303,0.002911768181700166,255.24514985084534
0.0,1172,213.00281322820385,0.003166314846215115,255.49251556396484
0.0,1173,216.34797865566372,0.0033489083069715114,255.79325127601624
0.0,1174,218.92836573437918,0.0032668676057913647,256.07836508750916
0.0,1175,219.28720466923357,0.0030937745568179846,256.36348056793213
0.0,1176,216.84561517428745,0.0033266913766229382,256.6264579296112
0.0,1177,217.59583906251558,0.002968505164819615,256.89594078063965
0.0,1178,217.96644815512835,0.003114722057879644,257.1654269695282
0.0,1179,219.81658467035814,0.0027436772654975783,257.4279272556305
0.0,1180,223.70854793633663,0.0034764275941470734,257.69014525413513
0.0,1181,223.37782115544812,0.003155850103607036,257.9726734161377
0.0,1182,221.56564313175244,0.0029905281778127204,258.2346487045288
0.0,1183,226.5329865789447,0.0033508259582428284,258.5166959762573
0.0,1184,224.50206985247794,0.002959916865669558,258.7867691516876
0.0,1185,229.1557096641502,0.002528299253730362,259.0408194065094
0.0,1186,225.4572628885393,0.0028740621504802734,259.3028118610382
0.0,1187,224.6980512984944,0.0029714842992772093,259.55463194847107
0.0,1188,225.66379592999132,0.0027271698238740837,259.81638860702515
0.0,1189,231.09492483205287,0.0030418695565775557,260.0883321762085
0.0,1190,231.83085708822264,0.003024172276763023,260.3683638572693
0.0,1191,234.98054565483358,0.0031353146768319912,260.6303505897522
0.0,1192,234.2385913825904,0.0026662776349759315,260.89431166648865
0.0,1193,236.84529380484574,0.002810144843410392,261.15451765060425
0.0,1194,238.2111562063611,0.003188685754386453,261.43660402297974
0.0,1195,235.373727179437,0.003400455579537942,261.7005774974823
0.0,1196,232.56612342523852,0.0027288488414558697,261.9683859348297
0.0,1197,232.58651169674823,0.0035003673934963465,262.2426815032959
0.0,1198,231.29001028640323,0.002628858975074221,262.51582193374634
0.0,1199,232.01146426219427,0.0030218548840809036,262.79308009147644
0.0,1200,232.2108309412693,0.00315119057860787,263.0534951686859
0.0,1201,231.83793009726506,0.003208900085859167,263.3944580554962
0.0,1202,230.3538872361618,0.0033253843429527875,263.6553490161896
0.0,1203,229.24947805068356,0.0029898120333306053,263.9181430339813
0.0,1204,230.37743259449798,0.0028177196399116,264.21940994262695
0.0,1205,234.11125444085854,0.0034381387033293937,264.4897849559784
0.0,1206,234.646712037891,0.002509418653278567,264.77805280685425
0.0,1207,233.5282289819136,0.0030503933313749277,265.05722737312317
0.0,1208,233.85518674496663,0.0029607810689263746,265.3384745121002
0.0,1209,235.7121613210922,0.003107999863254737,265.61357402801514
0.0,1210,236.837469644222,0.0030345488622378846,265.8972201347351
0.0,1211,238.1569107678722,0.0033397709841647746,266.20063972473145
0.0,1212,237.59505078484224,0.00325737775706698,266.4665677547455
0.0,1213,239.26868149018048,0.0032508043577792276,266.7328870296478
0.0,1214,239.24002433757215,0.0027577762583179837,266.99864196777344
0.0,1215,243.26502310300992,0.003761532099042284,267.319082736969
0.0,1216,239.00772098797518,0.0028528224699800988,267.60084533691406
0.0,1217,237.33819364597937,0.0032269489636401485,267.8704595565796
0.0,1218,233.82768072417238,0.003262974159872785,268.1494734287262
0.0,1219,233.83784135974796,0.002892189219512735,268.4343681335449
0.0,1220,234.74374289465754,0.003069802934985771,268.7161145210266
0.0,1221,235.27699342663288,0.0034779737240217155,268.9730830192566
0.0,1222,238.10691984697826,0.0029877287664411274,269.2549252510071
0.0,1223,235.14313506536786,0.003291849402524915,269.603054523468
0.0,1224,234.21523494228197,0.0033581838820291505,269.88629627227783
0.0,1225,236.63209153465723,0.002843334541052941,270.19347381591797
0.0,1226,239.22003029676907,0.0030210249897637915,270.51062655448914
0.0,1227,238.11125533327112,0.003234537791316015,270.7988908290863
0.0,1228,239.05140384435668,0.0030963769571685463,271.06338143348694
0.0,1229,238.86029067640098,0.0033055798856199956,271.34848833084106
0.0,1230,236.26627066701786,0.0031624557131552304,271.6179804801941
0.0,1231,238.82791078376263,0.003005604705871548,271.88746404647827
0.0,1232,239.56550661531236,0.0031623109528341794,272.1881923675537
