total_time,reward,n_koeff,novelty,iteration
4.423177719116211,-77.44533437800126,0.95,nan,1
4.696169137954712,-76.46656932294967,0.8999999999999999,22.923013517074125,2
4.978801965713501,-71.20658995916328,0.8499999999999999,27.955650415884065,3
5.259692668914795,-70.73084260436549,0.7999999999999998,33.00897479423814,4
5.533069610595703,-70.89644579247877,0.7499999999999998,46.802736499731985,5
5.817988157272339,-71.57188671593265,0.6999999999999997,55.82665512930397,6
6.098418712615967,-73.2474381871352,0.7499999999999998,51.751791163337636,7
6.413775444030762,-74.81880524398865,0.6999999999999997,40.859464264946205,8
6.674593448638916,-75.57183139256499,0.6499999999999997,33.2167444083677,9
6.947364091873169,-74.93135875121787,0.5999999999999996,22.62898304244525,10
7.210176229476929,-70.6608980446629,0.5499999999999996,20.134020373423112,11
7.467605113983154,-68.87241744517702,0.4999999999999996,19.980687862064496,12
7.737138032913208,-67.69988819390913,0.4499999999999996,20.4645461361274,13
8.000115633010864,-66.92964529204427,0.39999999999999963,19.65093623101755,14
8.26966381072998,-64.99855015025567,0.34999999999999964,17.968063901867236,15
8.539169073104858,-62.68521500232371,0.29999999999999966,16.285483508870346,16
8.839961767196655,-60.66237317187768,0.24999999999999967,14.553594217200196,17
9.12519645690918,-59.28733663888703,0.19999999999999968,12.9101776476471,18
9.38821268081665,-58.070820456353395,0.1499999999999997,13.02546174271094,19
9.657823085784912,-57.11553790863356,0.19999999999999968,10.856848918570684,20
9.927379369735718,-55.250881205400844,0.24999999999999967,9.714821803099213,21
10.190405368804932,-53.623522960994634,0.19999999999999968,9.011256382233878,22
10.460075378417969,-52.32553030318612,0.1499999999999997,9.24924619002531,23
10.729623317718506,-51.3857931077906,0.09999999999999969,8.820577712833778,24
11.008254289627075,-50.46557859442093,0.049999999999999684,8.908214009849354,25
11.262124300003052,-50.21902350146169,0.0,8.401299208392267,26
11.547306776046753,-49.85808950825189,0.05,8.57988782376279,27
11.79466986656189,-49.19508397373442,0.0,8.28021565703451,28
12.064188718795776,-48.61331533426549,0.05,8.335433656446064,29
12.333802938461304,-48.08133525370403,0.1,7.496323804001919,30
12.596822738647461,-47.53580741652524,0.05,6.313661785499642,31
12.882067918777466,-47.515608544290814,0.1,7.008438587832227,32
13.167186498641968,-46.79405470290468,0.05,7.4651519277204885,33
13.436726331710815,-46.261904792141756,0.0,5.556571500183165,34
13.731020212173462,-45.92644722358398,0.05,5.9659464718311,35
13.98489499092102,-45.377423464713914,0.1,6.1900113338999905,36
14.254484176635742,-44.880756354924856,0.05,6.9429233555236225,37
14.517421007156372,-44.56731201295976,0.0,6.4322712424893105,38
14.786917448043823,-44.03191663144845,0.05,5.457372646195845,39
15.072060108184814,-43.97083325942042,0.1,5.8984176348864965,40
15.357388734817505,-43.38194360350017,0.05,7.014963887772665,41
15.636057138442993,-43.17514833087205,0.0,6.6020694661395884,42
15.905588388442993,-42.8316640155753,0.0,5.896087709462696,43
16.17511487007141,-42.50787268978982,0.05,5.963580605550934,44
16.444665670394897,-42.1292384353888,0.0,5.641690162428703,45
16.692026138305664,-42.042984493635565,0.0,5.714200910266624,46
16.977171182632446,-41.71609763234894,0.0,6.602911878985619,47
17.293668508529663,-41.46324389018529,0.0,5.365609889728507,48
17.578809022903442,-41.168990527569555,0.0,5.7111267089002205,49
17.841858863830566,-40.8558951148902,0.05,5.7085975192378955,50
18.127034902572632,-40.1128952546041,0.0,6.603454472181218,51
18.380900144577026,-39.28793738897934,0.0,5.433898781588672,52
18.650393962860107,-38.87651016692844,0.0,5.522910318912453,53
18.95120596885681,-38.20794818137798,0.05,4.556644951557855,54
19.214245080947876,-37.53821323711416,0.0,4.5595681536141095,55
19.46818447113037,-36.653877611543834,0.0,3.9901749589503934,56
19.746821641921997,-35.57249365441298,0.0,4.150225928039412,57
20.03196406364441,-34.83574674288946,0.05,5.09532400144629,58
20.301567316055298,-33.74530989734657,0.0,4.976353562170201,59
20.57112169265747,-32.90683930018764,0.0,4.643992567942189,60
20.85632300376892,-32.87131023698033,0.05,5.5322080099503985,61
21.135035753250122,-32.64874221594415,0.1,4.483321403818303,62
21.404571294784546,-32.03136265973576,0.05,6.706466264920604,63
21.689687967300415,-31.65596524345642,0.0,5.375189894554965,64
21.95927357673645,-31.30191527800157,0.0,3.6753974663556206,65
22.23797631263733,-31.115378683793498,0.05,4.461404143625437,66
22.507484912872314,-31.066521777293975,0.0,3.960192058104228,67
22.792590141296387,-30.726235238198587,0.0,2.45040413792958,68
23.06217098236084,-30.545016845558848,0.0,4.502978702857499,69
23.340837955474854,-30.079217807527503,0.0,2.8600517585839698,70
23.625959873199463,-30.17811354955482,0.0,3.341007878110216,71
23.895520210266113,-30.241894408805948,0.0,4.223164769287216,72
24.165072917938232,-30.144689253540673,0.05,3.8420744427675633,73
24.44371724128723,-29.91348602557204,0.0,3.8858561370418307,74
24.71332025527954,-29.725990666282314,0.05,3.4491722432293805,75
24.982841730117798,-29.20379170486781,0.1,4.2614725554834365,76
25.261467218399048,-28.878451630586145,0.05,3.309472981630729,77
25.530982732772827,-28.83501459370737,0.1,4.1962459186929175,78
25.831846237182617,-28.57996684189701,0.05,3.3031165135678338,79
26.132663011550903,-28.35653566852769,0.1,3.0919411729980926,80
26.417906999588013,-28.346647426242413,0.05,3.3611423062838757,81
26.687513828277588,-27.75788274877095,0.0,3.2070446766775946,82
26.96614980697632,-27.747473614593435,0.0,4.179607103384101,83
27.23577356338501,-27.749176832229885,0.05,4.046027378160897,84
27.5052649974823,-27.57458833705635,0.0,2.8037509049913574,85
27.77491807937622,-27.59087639189609,0.05,4.245051353796898,86
28.053585529327393,-27.540792208797527,0.0,3.8080838538488164,87
28.33873200416565,-27.518585810553283,0.05,4.0428531608929905,88
28.608262062072754,-27.542794166232863,0.1,3.905391769192207,89
28.89340329170227,-27.12025225335052,0.05,3.924503696823066,90
29.17867136001587,-27.07743128215915,0.1,4.354560352918373,91
29.457308530807495,-26.795558013813224,0.05,4.893986047846682,92
29.726865530014038,-26.58714312642358,0.1,4.269998035276894,93
29.996402740478516,-26.406453404889216,0.05,4.136688902234347,94
30.281601190567017,-26.238563732590166,0.0,3.749921804290821,95
30.58236837387085,-25.935156878293064,0.0,3.7019828262271885,96
30.861011743545532,-25.89470446106392,0.05,3.7285245440364103,97
31.146134853363037,-25.891920774769165,0.1,4.318161471765572,98
31.4156551361084,-25.73829646771031,0.05,4.346426924260867,99
31.68523645401001,-25.70388343599154,0.0,3.9113533355698733,100
31.948220014572144,-25.437765538289895,0.0,4.235882057230161,101
32.233471155166626,-25.13267389309552,0.0,3.490391033194411,102
32.502962589263916,-24.963329353890796,0.0,3.613845651167315,103
32.78812336921692,-24.64516644844912,0.05,3.616845534561969,104
33.05111837387085,-24.23117841048749,0.0,4.356602506491152,105
33.32068943977356,-24.215890360771542,0.0,4.013013383123481,106
33.605849504470825,-23.999441037142734,0.0,3.9938240808918346,107
33.90661144256592,-23.604895092806437,0.0,4.12301044909672,108
34.191890239715576,-23.412225757369164,0.0,3.0278584792529557,109
34.47060561180115,-23.28796181523935,0.0,3.8531292046148415,110
34.79347205162048,-23.242798826937573,0.05,3.1120565174900707,111
35.07210040092468,-22.83840377906295,0.0,4.5325614428947425,112
35.34165382385254,-22.706105221736877,0.0,4.275934849094853,113
35.62682604789734,-22.339787577830776,0.05,3.6630774312081567,114
35.91207814216614,-22.27779169358196,0.0,3.1395274961188484,115
36.17506217956543,-22.60442086404627,0.0,3.520038805759273,116
36.44468712806702,-22.582344974945254,0.05,2.750661140102181,117
36.71423387527466,-22.580418243777668,0.0,3.2488891850630695,118
36.999332666397095,-22.494775073123048,0.05,3.326693729131594,119
37.278006076812744,-22.747788467258125,0.0,2.874857316962489,120
37.54764461517334,-22.627798346050657,0.0,2.136746930325793,121
37.8171443939209,-22.647680190999303,0.0,3.6000896693798365,122
38.10228514671326,-22.62618610103009,0.0,2.7135083285665904,123
38.38092041015625,-22.739105351060985,0.0,4.691222946434689,124
38.666173696517944,-22.693114474386377,0.0,2.758382084467155,125
38.95140886306763,-22.70700832339043,0.05,3.3254009902379256,126
39.23658633232117,-22.66040452460735,0.0,3.5432998894786802,127
39.50617957115173,-22.527456706070964,0.0,2.7631680530724156,128
39.822702407836914,-22.427097918760595,0.0,3.001441713246145,129
40.10132908821106,-22.488489683102003,0.0,3.6380226869121746,130
40.38658857345581,-22.401423920478624,0.0,3.3761837633999123,131
40.72042489051819,-22.437478771816554,0.05,2.760492679114019,132
41.14705181121826,-22.2870613140823,0.0,3.660443389429397,133
41.61053419113159,-22.14589032241433,0.0,3.4401524625167514,134
41.94915843009949,-22.00919416356416,0.05,2.8528395135098457,135
42.23429083824158,-21.91996626496137,0.0,4.010046764826968,136
42.51289224624634,-21.851476173046404,0.0,2.8629537129885967,137
42.78242039680481,-21.51919454028775,0.05,2.5639440765715564,138
43.08325147628784,-21.436223898714992,0.1,2.7082528336168887,139
43.38401508331299,-21.336591965493554,0.15000000000000002,3.2939369269016323,140
43.66915702819824,-21.29792290185583,0.2,3.4641180333080177,141
43.95437026023865,-21.233761304240524,0.15000000000000002,2.523178587339601,142
44.255239963531494,-21.23421733908996,0.2,3.6547449328079944,143
44.571667432785034,-21.165873392083277,0.25,3.4205722087607473,144
44.87251043319702,-21.190604550870404,0.2,3.2692273919690056,145
45.14198279380798,-21.318467748035886,0.25,3.5421184175396188,146
45.4205846786499,-21.224777280444734,0.3,3.407704511085787,147
45.69014811515808,-21.035264336332315,0.35,2.8107442144287758,148
45.975324392318726,-20.973890376129397,0.39999999999999997,2.817562529809085,149
46.26050877571106,-20.861025780918627,0.44999999999999996,3.942054286458464,150
46.54565119743347,-20.694173385396084,0.49999999999999994,3.70784498410332,151
46.84647846221924,-20.63916136173415,0.44999999999999996,3.522211815139252,152
47.1094925403595,-20.438584864228766,0.49999999999999994,2.5538916411692414,153
47.378984451293945,-20.56923770339241,0.44999999999999996,4.168482289631272,154
47.664161920547485,-20.74267711895279,0.39999999999999997,4.227695613625113,155
47.94929790496826,-20.724361894810485,0.35,4.031953018942811,156
48.22803997993469,-20.865279490474613,0.3,4.550884748929839,157
48.49763464927673,-20.645943035175325,0.35,4.575364809424758,158
48.7828471660614,-20.641370673735818,0.3,3.2092207624167735,159
49.0679190158844,-20.563407465572446,0.25,3.6907135395494315,160
49.34651756286621,-20.478717239124606,0.2,3.126117524452687,161
49.63168668746948,-20.46907813272862,0.15000000000000002,2.8937402016950307,162
49.91683053970337,-20.537162331404055,0.10000000000000002,3.1334664141083612,163
50.20207738876343,-20.512423967677165,0.05000000000000002,2.4559803891047913,164
50.48721766471863,-20.666226509239255,0.10000000000000002,3.574123844021397,165
50.77253460884094,-20.322743684239214,0.05000000000000002,3.8302226954218814,166
51.07336950302124,-20.183894723300373,1.3877787807814457e-17,2.720312617921368,167
51.33637547492981,-20.19527735532041,0.0,4.2436454720318375,168
51.62152409553528,-20.132354120120656,0.0,3.9380147253553157,169
51.906704902648926,-19.882674703228098,0.0,2.9292592963734854,170
52.20756983757019,-19.92531436282027,0.05,3.2036790783113736,171
52.47711396217346,-19.96045996143046,0.0,3.5552588445855857,172
52.762259006500244,-19.962972808576552,0.0,3.353697757167764,173
53.05651926994324,-19.941003313666435,0.05,3.252982778659502,174
53.32612323760986,-20.089925099448184,0.0,3.229405725068434,175
53.626922845840454,-20.143784597957882,0.0,2.9095493890420254,176
53.91207194328308,-20.04288545900778,0.05,2.640624515686278,177
54.19716501235962,-20.003544218150413,0.1,3.2337710458830378,178
54.466686487197876,-20.19418551671781,0.15000000000000002,3.2740919417474728,179
54.74532866477966,-20.106145925661227,0.2,3.2971637881564444,180
55.03044414520264,-19.98143701339261,0.25,3.6428006791514274,181
55.315593004226685,-19.966347034959057,0.3,3.8596551533736783,182
55.631739377975464,-20.120226746573643,0.25,3.7947541328466112,183
55.91692352294922,-20.03878405215282,0.2,4.620521963202524,184
56.18651580810547,-20.113176638895926,0.15000000000000002,3.233318908563664,185
56.471720457077026,-20.08899623262699,0.10000000000000002,3.4772066175251592,186
56.750324726104736,-20.16224155134792,0.15000000000000002,3.8319235898537927,187
57.03559923171997,-20.294683447594938,0.2,3.368438740426006,188
57.32091474533081,-20.303274111093096,0.25,3.0261827638126615,189
57.606058835983276,-20.308097843242145,0.3,3.4890186782628403,190
57.90693473815918,-20.293910249452093,0.25,3.0800986988637296,191
58.17637753486633,-20.26379977969297,0.3,2.9801919532864876,192
58.45498323440552,-20.279784335283665,0.35,2.9714444009998733,193
58.74020195007324,-20.373162066864303,0.3,3.2150252823483605,194
59.025352001190186,-20.395908557084727,0.25,2.983964652667534,195
59.31049633026123,-20.215327175237768,0.2,3.3238773162560835,196
59.59567904472351,-20.243549534146,0.25,3.4216126318551114,197
59.87427878379822,-20.313504692131406,0.3,3.6038987979568913,198
60.17511010169983,-20.449680717911818,0.25,3.3202885639017374,199
60.444693088531494,-20.41012606358929,0.3,3.2747593893363147,200
60.72996950149536,-20.447240381895732,0.35,3.223702673550157,201
61.015148639678955,-20.512997477075952,0.3,2.8827245536089725,202
61.31598377227783,-20.49583389877094,0.25,3.9655517074143503,203
61.5855233669281,-20.37902905655032,0.2,2.6240498267494563,204
61.86423683166504,-20.265352741202236,0.25,4.089894085965975,205
62.14945387840271,-20.068081504494387,0.3,3.375262723231873,206
62.4502649307251,-19.95433090625664,0.25,2.8941283296588565,207
62.735512495040894,-19.97011804161737,0.3,3.230459368891399,208
63.05187106132507,-20.018772378530418,0.35,3.954647951250717,209
63.3371217250824,-20.064875151786676,0.39999999999999997,3.3070328410064302,210
63.622294187545776,-20.100633534965652,0.35,4.404154524935708,211
63.90753221511841,-20.102690810044063,0.39999999999999997,3.9112921202113933,212
64.18610143661499,-20.019900931529893,0.35,4.031032872337,213
64.47127032279968,-19.992468045367737,0.39999999999999997,3.283399861935251,214
64.74083042144775,-19.839730199229596,0.35,2.942677682402697,215
65.0260055065155,-19.838142002011192,0.39999999999999997,3.6354073734581114,216
65.31108283996582,-19.87578868722438,0.44999999999999996,3.734457652343256,217
65.5961983203888,-19.83967696150259,0.49999999999999994,4.424058626548788,218
65.89702153205872,-19.81889018308595,0.5499999999999999,3.5582872340391827,219
66.17565703392029,-19.85064196852421,0.6,3.7359768376160285,220
66.44516158103943,-19.8789191606294,0.5499999999999999,2.9411245291524106,221
66.73038840293884,-19.771461715080644,0.49999999999999994,4.391986400584688,222
66.99986791610718,-19.797396516217603,0.5499999999999999,3.4420008657346033,223
67.29415392875671,-19.784157654355724,0.49999999999999994,4.026740859237333,224
67.56366801261902,-19.71372987218179,0.44999999999999996,5.691369143297145,225
67.84882187843323,-19.708493923543532,0.39999999999999997,4.793902521169032,226
68.13404989242554,-19.767514211541915,0.44999999999999996,4.438684422375959,227
68.40367078781128,-19.84048965974001,0.49999999999999994,3.526237717814853,228
68.69794201850891,-19.798123016113543,0.44999999999999996,4.717422713133612,229
68.9675624370575,-19.92250357049652,0.49999999999999994,4.3353925746654145,230
69.23712992668152,-20.059405539114934,0.44999999999999996,4.496244676022525,231
69.52233839035034,-20.259536169521738,0.49999999999999994,4.973808439869083,232
69.80751085281372,-20.313497554680822,0.5499999999999999,4.792108058414118,233
70.10831069946289,-20.587892927743233,0.6,5.2323863531863735,234
70.38697123527527,-20.836866397161312,0.5499999999999999,4.916459381277525,235
70.67220830917358,-21.27188417016113,0.49999999999999994,6.256067995862298,236
70.97304034233093,-21.464882305577238,0.44999999999999996,6.075602746431982,237
71.27391242980957,-21.759892663168635,0.39999999999999997,5.118746595394377,238
71.54354643821716,-21.910272943499386,0.35,6.256730321154845,239
71.85992884635925,-22.080443720465425,0.39999999999999997,5.089111510610606,240
72.12955927848816,-22.340251014702307,0.35,5.500933601871391,241
72.43033480644226,-22.39441032138126,0.3,5.082299790491474,242
72.71546697616577,-22.3658472476635,0.25,4.323862037557375,243
72.97852158546448,-22.581550996015473,0.2,3.752339122290473,244
73.27942752838135,-22.789958549668896,0.15000000000000002,4.251562450389816,245
73.5490243434906,-22.794492256100774,0.10000000000000002,3.533918949052277,246
73.849862575531,-22.74202120480778,0.15000000000000002,4.275165852741336,247
74.11938786506653,-22.62311615110622,0.10000000000000002,3.4812366717814056,248
74.39809441566467,-22.8947667246191,0.15000000000000002,4.315331612779542,249
74.69887256622314,-22.913987459141637,0.10000000000000002,3.5317138867916413,250
75.0152599811554,-23.182592865286995,0.05000000000000002,3.8710962790496612,251
75.3005096912384,-23.14485766202652,0.10000000000000002,3.4768746392347833,252
75.60137701034546,-23.116503593071865,0.15000000000000002,3.8990115824467524,253
75.88655853271484,-23.051516443853075,0.2,4.3128068148847225,254
76.1561541557312,-23.250781151351205,0.15000000000000002,3.4412809764646637,255
76.44130516052246,-23.2102677694961,0.10000000000000002,3.3471803352791296,256
76.72640776634216,-23.182846010156304,0.05000000000000002,3.005378839343627,257
77.02072429656982,-23.169679025910412,1.3877787807814457e-17,2.7314591481965427,258
77.30588340759277,-23.22237228478449,0.0,3.575811754111678,259
77.5910656452179,-23.154728388186836,0.0,3.4436169127486242,260
77.87620162963867,-23.083882187153936,0.0,3.7302370580125284,261
78.14575934410095,-23.070660336971233,0.0,3.7864982359849604,262
78.43091678619385,-23.072030376438597,0.0,2.715360797282532,263
78.72520279884338,-23.05372432733285,0.0,2.519291600314985,264
79.01038312911987,-23.098577913500552,0.0,3.019599101332269,265
79.31124639511108,-23.07580126950393,0.05,2.214109891012783,266
79.58071446418762,-22.995561670592515,0.1,2.9546498110686827,267
79.86583256721497,-23.005853486036234,0.05,2.493600730399864,268
80.13542246818542,-22.968926160696356,0.0,2.7465031314214614,269
80.43632793426514,-22.993510238891634,0.0,3.355692674377784,270
80.71503019332886,-23.00207247682614,0.0,3.013931535080508,271
81.0158531665802,-23.063605461662604,0.05,2.7930708304641003,272
81.28538036346436,-23.06896691633189,0.1,2.993691562928885,273
81.58618235588074,-23.04874651964118,0.05,3.189241848640699,274
81.85576891899109,-23.07482580089838,0.1,2.522851651091881,275
82.15655779838562,-23.084054251212976,0.15000000000000002,2.8984950498098114,276
82.45740485191345,-23.127905730012966,0.2,2.7489481818763077,277
82.7204201221466,-23.014367407214518,0.15000000000000002,3.1173007427128545,278
82.9900164604187,-22.947006795286867,0.2,3.0008822778048385,279
83.27520036697388,-22.836206534412245,0.15000000000000002,3.0233192321318234,280
83.56035542488098,-22.674015209374087,0.2,2.8626045850372446,281
83.8455491065979,-22.51594381983655,0.25,3.0908913813205423,282
84.12418961524963,-22.38443496998493,0.3,2.982559653741455,283
84.4094488620758,-22.147766389842864,0.35,2.860931940172403,284
84.71025824546814,-21.822564624996435,0.3,3.0584088120815274,285
84.99552965164185,-21.303320416783546,0.25,3.0245646995864903,286
85.26503491401672,-21.038946611841265,0.3,3.457017548941013,287
85.56587767601013,-20.69285452468994,0.35,2.818316709375127,288
85.85107731819153,-20.4789414655444,0.3,2.98985566673885,289
86.12972617149353,-20.354542984421286,0.35,2.984037258800053,290
86.41488027572632,-20.139726839145514,0.3,3.798513765463799,291
86.70006108283997,-20.17000141657983,0.35,2.962392133216935,292
86.98521518707275,-20.24010879155399,0.39999999999999997,3.5502435206510885,293
87.28603672981262,-19.992995465331095,0.35,3.012407563312189,294
87.5712080001831,-19.71848266655137,0.3,2.4266119028367097,295
87.85644006729126,-19.633157614796467,0.35,2.9237482059401616,296
88.17305636405945,-19.58823273967387,0.3,3.240536712169215,297
88.45819854736328,-19.62098320495675,0.35,3.12902632604225,298
88.73684525489807,-19.249473346640897,0.3,2.927970558608826,299
89.05331563949585,-19.307050979100588,0.35,2.837463472669045,300
89.33848738670349,-18.997603660028382,0.39999999999999997,3.0563557673556163,301
89.60794234275818,-19.011712151232835,0.35,4.329176185544509,302
89.89312720298767,-18.97633899207667,0.39999999999999997,2.8930423617461605,303
90.17827200889587,-19.01019718272809,0.44999999999999996,3.7113159008156114,304
90.46343922615051,-18.733443962079196,0.49999999999999994,3.126558152642021,305
90.74208879470825,-18.77972532100851,0.5499999999999999,3.947704439683464,306
91.01175451278687,-18.78746864451807,0.49999999999999994,3.9048098009710883,307
91.31253719329834,-18.752831332879456,0.44999999999999996,3.792130593223526,308
91.5976619720459,-18.633877403192276,0.39999999999999997,3.7402065356376766,309
91.88273930549622,-18.70285298772964,0.44999999999999996,3.922163856057159,310
92.16790771484375,-18.693573356046098,0.39999999999999997,3.9398550045344236,311
92.44657945632935,-18.692692622078983,0.44999999999999996,3.7032092143317232,312
92.74731874465942,-18.774196572877315,0.49999999999999994,4.077609269797084,313
93.03250336647034,-18.805098063047204,0.44999999999999996,4.601594411126494,314
93.31775522232056,-18.749951342711864,0.49999999999999994,3.522579771964809,315
93.60293245315552,-18.76861787506911,0.44999999999999996,3.6736438075354236,316
93.90373420715332,-18.832594236724663,0.39999999999999997,3.110727914483608,317
94.17325854301453,-18.875264271509742,0.44999999999999996,3.8981568974824694,318
94.45189642906189,-18.909244623571823,0.49999999999999994,3.5587603706831503,319
94.7370400428772,-18.941450438010975,0.5499999999999999,3.7914948346415467,320
95.02228307723999,-18.881032673888377,0.49999999999999994,4.082271118011086,321
95.29188132286072,-18.762344333499748,0.44999999999999996,3.4631556654351563,322
95.59263944625854,-18.694907191060643,0.49999999999999994,3.568449050424812,323
95.87126398086548,-18.604232601018673,0.5499999999999999,3.9161703289347543,324
96.15644192695618,-18.5130223770992,0.49999999999999994,4.3068144091209914,325
96.4416823387146,-18.661668696136076,0.44999999999999996,3.93699799232845,326
96.71120381355286,-18.576646954344312,0.39999999999999997,3.4798384372344713,327
96.98075699806213,-18.568017535396713,0.35,4.163476514095919,328
97.27508044242859,-18.830054393282992,0.3,3.6932541982572253,329
97.5603621006012,-18.743563320098364,0.35,3.9162614217568814,330
97.84557509422302,-18.714719382676353,0.39999999999999997,3.564857933843104,331
98.11510634422302,-18.63909381419218,0.35,4.599727995011465,332
98.40031480789185,-18.724599392317586,0.39999999999999997,4.219786974023864,333
98.67895078659058,-18.726001219171145,0.35,4.882483610814711,334
98.94844818115234,-18.920805629547562,0.39999999999999997,4.762850556411632,335
99.23362231254578,-19.095977883578612,0.44999999999999996,3.636441449859271,336
99.53446221351624,-19.33705181658206,0.39999999999999997,4.574985660654464,337
99.80395126342773,-19.59381691495937,0.35,3.617074680059564,338
100.10487532615662,-19.579377991063865,0.39999999999999997,4.979813482876265,339
100.42122793197632,-19.60434941510076,0.35,4.124017903619277,340
100.76166248321533,-19.8302230214004,0.3,4.454870404064284,341
101.10366010665894,-20.04415407984128,0.25,4.678907529187486,342
101.50473427772522,-20.265398036640757,0.2,4.317009786079221,343
101.80548858642578,-20.52770645128727,0.25,5.034186299592452,344
102.10636305809021,-20.730513952185387,0.2,4.212321268858287,345
102.40710973739624,-20.94001467249187,0.15000000000000002,4.830078036484521,346
102.67666578292847,-20.969958534823203,0.2,5.150647700016764,347
102.97101855278015,-21.14002144304038,0.25,4.162964987361464,348
103.27183794975281,-21.13727743815386,0.3,4.482548152354449,349
103.55697989463806,-21.363822841891047,0.25,4.9611366379865975,350
103.84215450286865,-21.34826160150129,0.3,4.117252478051942,351
104.19625878334045,-21.55583682939637,0.25,3.5263872117659902,352
104.52833962440491,-21.803330267392898,0.2,3.4967437509770924,353
104.79788398742676,-21.780313133918423,0.15000000000000002,3.359858032941684,354
105.12990236282349,-21.79684311216503,0.2,3.566938381735815,355
105.44628143310547,-22.059307236258036,0.15000000000000002,3.315324141812818,356
105.74710512161255,-22.18809936750702,0.10000000000000002,4.011255740338279,357
106.03233027458191,-22.23132710165113,0.05000000000000002,3.3571329617513914,358
106.33315992355347,-22.232640261900265,0.10000000000000002,3.7422855729384015,359
106.61837434768677,-22.196976195170347,0.15000000000000002,3.1870283100824888,360
106.90352272987366,-22.236454827829856,0.2,3.2832572639868376,361
107.16646575927734,-22.301728832008475,0.25,3.810764133823962,362
107.46720719337463,-22.27489655825304,0.2,3.5145663365116646,363
107.75238633155823,-22.256004484725928,0.15000000000000002,3.418472767311394,364
108.0219886302948,-22.225121530332782,0.10000000000000002,2.5002183699015426,365
108.30714702606201,-22.200130027705058,0.05000000000000002,2.9945108580296096,366
108.58573746681213,-22.13789998876095,0.10000000000000002,2.790115121115943,367
108.8865315914154,-22.037073267672255,0.15000000000000002,2.859865631674032,368
109.15607833862305,-22.007616617871008,0.2,3.673475549047575,369
109.45695495605469,-22.000182968419214,0.25,3.283582310645569,370
109.74216866493225,-21.993584215147475,0.2,2.660879068170394,371
110.0116617679596,-22.03198549125173,0.25,2.8129442151266284,372
110.29683303833008,-22.091603196135804,0.2,2.4097626455889074,373
110.59114289283752,-22.072795649072578,0.15000000000000002,2.7393299322076423,374
110.8606698513031,-22.10913636995053,0.10000000000000002,2.7442427766868907,375
111.14594149589539,-21.88752580065443,0.05000000000000002,2.6664013992996245,376
111.43118262290955,-21.847535158935827,0.10000000000000002,2.506091586956154,377
111.69418835639954,-21.81326088015141,0.05000000000000002,2.619268042571606,378
111.97947120666504,-21.527764942971267,1.3877787807814457e-17,2.9270125879812445,379
112.24899506568909,-21.543326209521496,0.05000000000000002,3.282641749113691,380
112.54979920387268,-21.57764595337343,0.10000000000000002,2.7376690827579178,381
112.81942319869995,-21.5721615145141,0.15000000000000002,2.971345913669469,382
113.09804654121399,-21.506781660169164,0.2,2.6360354357365274,383
113.40541434288025,-21.435059818533865,0.15000000000000002,2.913453404291803,384
113.6841208934784,-21.23630576105526,0.10000000000000002,2.886067316690818,385
113.98491930961609,-21.060222923435067,0.15000000000000002,2.7578990985514342,386
114.27003526687622,-20.75385547371148,0.2,2.7303258042408958,387
114.55523824691772,-20.436490052283368,0.25,2.9715779199164394,388
114.84038090705872,-20.439893572214952,0.3,2.8358764616066874,389
115.12568855285645,-20.422666935960414,0.35,2.8406645038195864,390
115.41082191467285,-20.226644968948353,0.3,2.789943458887742,391
115.70513963699341,-19.964523477581146,0.35,2.612256450921462,392
115.97469282150269,-19.677841765823672,0.39999999999999997,2.934580064566843,393
116.2599287033081,-19.395531494204626,0.44999999999999996,3.132291029796593,394
116.5607521533966,-19.239306441829225,0.49999999999999994,2.875142165668416,395
116.86155104637146,-19.090677070999263,0.5499999999999999,2.9245692903872924,396
117.1624264717102,-19.108952663003926,0.49999999999999994,2.368412929400548,397
117.46320176124573,-18.90767408623032,0.5499999999999999,3.0717205588682477,398
117.74839067459106,-18.903223419924565,0.6,3.226439005978467,399
118.03355932235718,-18.60540904933868,0.5499999999999999,2.83936229480248,400
118.33445382118225,-18.612809098824595,0.6,3.2389151652193835,401
118.61951088905334,-18.431660830255034,0.65,3.2346520379540227,402
118.92033457756042,-18.176953097997938,0.7000000000000001,3.496652826650522,403
119.2146224975586,-18.228014662153363,0.65,3.0176505950970385,404
119.48418283462524,-18.2281214208337,0.7000000000000001,3.5525857221112727,405
119.76936459541321,-17.971674283005974,0.65,2.9215369385896803,406
120.08572673797607,-17.908587204193857,0.7000000000000001,3.229348710713375,407
120.3552234172821,-17.972153044124568,0.65,4.21431513457704,408
120.61819767951965,-18.097163703429203,0.6,3.654409801271669,409
120.88769173622131,-18.186133580016598,0.5499999999999999,4.588838294546681,410
121.17280006408691,-18.339645107849268,0.49999999999999994,4.4436634901090795,411
121.44236731529236,-18.459532541420405,0.44999999999999996,4.318069449169295,412
121.72093272209167,-18.63293497416725,0.39999999999999997,4.5056443045782535,413
121.99052405357361,-18.78826537911039,0.35,4.00740459037152,414
122.27574133872986,-19.006110646517573,0.3,4.741964793028188,415
122.5609815120697,-19.1674350498644,0.35,4.0588263926076396,416
122.8460602760315,-19.340554318709472,0.39999999999999997,3.9603249975507726,417
123.14686036109924,-19.506663984807314,0.44999999999999996,3.8987479676038843,418
123.46325516700745,-19.596241664938795,0.39999999999999997,4.09948016044281,419
123.74847030639648,-19.648386210287946,0.35,3.8852701232142692,420
124.0336401462555,-19.68125530786597,0.3,3.502802805481061,421
124.31227397918701,-19.681400366530724,0.25,3.7722337168263254,422
124.59745287895203,-19.676458744014273,0.3,3.3141438623391384,423
124.86701726913452,-19.721446526271095,0.25,3.5212755896407644,424
125.15226244926453,-19.69039140770749,0.2,3.104295055585406,425
125.43092203140259,-19.670985369782382,0.25,3.621045206705412,426
125.7004668712616,-19.746428564623372,0.2,3.0090853782580576,427
125.97001123428345,-19.76746810126277,0.25,2.924049281670145,428
126.25516152381897,-19.814639448133697,0.3,2.7943482018372903,429
126.54025936126709,-19.82594327609771,0.35,2.792238778855706,430
126.81896233558655,-19.805154314666414,0.3,2.443376077578925,431
127.10410499572754,-19.82906505599439,0.35,3.160308850962502,432
127.38931369781494,-19.709062880755184,0.3,3.2769707264304753,433
127.69018006324768,-19.742874653735505,0.25,2.908118433150286,434
127.97536849975586,-19.704380233099386,0.3,3.1423729394113473,435
128.24489498138428,-19.751471485442956,0.25,2.757059096802314,436
128.54572129249573,-19.72827852906535,0.2,2.9376215491090467,437
128.80880045890808,-19.727483750299147,0.15000000000000002,2.7414751591251547,438
129.1097023487091,-19.681150863003882,0.2,3.0733634376023935,439
129.4104163646698,-19.66854839801699,0.25,2.839994011418645,440
129.67991852760315,-19.616929025188114,0.2,2.4839704816364065,441
129.98076367378235,-19.619120155464614,0.15000000000000002,2.6327103043273916,442
130.28157782554626,-19.610116316855613,0.2,2.475222433558101,443
130.56679677963257,-19.614452261459043,0.25,2.8568554024286197,444
130.85197234153748,-19.574350088276642,0.2,3.81188755717002,445
131.14626455307007,-19.53676092082595,0.15000000000000002,3.2031519613276846,446
131.4158308506012,-19.48553796960329,0.10000000000000002,2.591828028496652,447
131.7166018486023,-19.46705495369482,0.15000000000000002,2.868774815253937,448
132.03306007385254,-19.445509340942216,0.10000000000000002,2.2515329334443246,449
132.30251669883728,-19.460002522822414,0.15000000000000002,3.206806955585732,450
132.6032838821411,-19.42135791388889,0.10000000000000002,2.3363738093344675,451
132.87285470962524,-19.349288495630173,0.05000000000000002,2.9745351175639825,452
133.15151739120483,-19.35477273994371,0.10000000000000002,2.703556097498762,453
133.43678212165833,-19.305848461328214,0.05000000000000002,2.2689598452463287,454
133.73772192001343,-19.28934273911261,0.10000000000000002,2.9659354565698686,455
134.03844547271729,-19.227151083877754,0.05000000000000002,2.4696723809003696,456
134.33925080299377,-19.16849668080602,1.3877787807814457e-17,2.9251902976082285,457
134.62440657615662,-19.052184713967915,0.05000000000000002,2.503960372944715,458
134.90955901145935,-18.987658154776213,0.10000000000000002,2.6385662490415562,459
135.19471740722656,-18.932041416722544,0.05000000000000002,2.56151453604557,460
135.47979617118835,-18.745544272961805,1.3877787807814457e-17,2.9208598344838617,461
135.76492524147034,-18.569744321195472,0.05000000000000002,2.9017101865952877,462
136.04363369941711,-18.398604990544694,0.10000000000000002,2.434645122280975,463
136.34444427490234,-18.26384484789211,0.15000000000000002,2.648303703487789,464
136.62952160835266,-18.08377110220636,0.2,2.506356084991616,465
136.94601011276245,-17.937573646773103,0.25,3.1729445283708664,466
137.23118591308594,-17.77653711803756,0.2,2.3991163383492373,467
137.5164315700531,-17.62017954650764,0.15000000000000002,2.5852422440495024,468
137.8016471862793,-17.568080028801447,0.10000000000000002,2.8930021623913675,469
138.08682417869568,-17.470587662620833,0.05000000000000002,2.5620541708797115,470
138.3876190185547,-17.439654015030484,1.3877787807814457e-17,3.1397686801674047,471
138.67275857925415,-17.390515308288773,0.05000000000000002,2.81741741114607,472
138.98931121826172,-17.34510179200443,0.10000000000000002,3.1841213009683003,473
139.29015111923218,-17.330134962875327,0.05000000000000002,3.0451168208319253,474
139.57525372505188,-17.356496157621642,1.3877787807814457e-17,2.7005921630619434,475
139.90724563598633,-17.378381779150075,0.05000000000000002,2.8196697348241355,476
140.2392873764038,-17.340444388075365,1.3877787807814457e-17,3.0435166865505106,477
140.57137298583984,-17.32642196694412,0.05000000000000002,2.4046551932704294,478
140.90992379188538,-17.271467875021834,0.10000000000000002,2.9270979594660984,479
141.22638177871704,-17.280209250441896,0.15000000000000002,2.6819442762527426,480
141.5805904865265,-17.279315544765254,0.2,3.2920117481581403,481
141.91258096694946,-17.30745392966729,0.15000000000000002,2.7690875515751423,482
142.21331238746643,-17.39640145908931,0.2,2.472859185626742,483
142.57655215263367,-17.382295401133643,0.25,2.8650464473175163,484
142.86165928840637,-17.416875953606688,0.2,2.5039065712945874,485
143.14679789543152,-17.362472711420104,0.15000000000000002,3.028493059716634,486
143.43193531036377,-17.377482245534935,0.2,2.6991778561290225,487
143.70149421691895,-17.390201702800333,0.15000000000000002,2.754596621240227,488
144.00233125686646,-17.470517985225037,0.2,2.4645343978045116,489
144.3031165599823,-17.458859960790402,0.15000000000000002,2.456589417447571,490
144.58825159072876,-17.47137509720857,0.10000000000000002,2.355468617651526,491
144.86688494682312,-17.460894959433148,0.05000000000000002,2.9366900704822636,492
145.1363763809204,-17.43015088941633,1.3877787807814457e-17,2.523054129433259,493
145.40594363212585,-17.379900661696094,0.05000000000000002,2.3966496794721643,494
145.706805229187,-17.41910582081264,1.3877787807814457e-17,2.8389924998080276,495
145.99194645881653,-17.393042399305756,0.0,2.9859399239804283,496
146.2706491947174,-17.411719471281547,0.0,2.931893510212273,497
146.5402147769928,-17.444545635212183,0.05,3.1253506171053163,498
146.825350522995,-17.48328854350142,0.0,3.287606929812502,499
147.12612390518188,-17.489426185044007,0.05,2.7330377992372177,500
147.3956742286682,-17.486475535091877,0.0,2.6689003908313156,501
147.67431020736694,-17.493921102651495,0.0,2.246442297634137,502
147.95939564704895,-17.46711175289507,0.05,2.6609206366766465,503
148.2446587085724,-17.438662643712394,0.0,2.8690243243158617,504
148.54541754722595,-17.4732790998666,0.05,2.9737932248148415,505
148.83063292503357,-17.47295758999085,0.0,2.410726869429963,506
149.11581921577454,-17.489122794171696,0.05,2.866207495812889,507
149.40098118782043,-17.538658297500678,0.1,2.9549505439228283,508
149.67962431907654,-17.50848763346555,0.05,2.6507006223804983,509
149.96477794647217,-17.49471542090838,0.1,2.9738046111061385,510
150.24999690055847,-17.542710298417575,0.05,2.251213150263469,511
150.53516960144043,-17.609611718777202,0.0,2.627603223983398,512
150.9361367225647,-17.588488494035076,0.05,2.6427202091612862,513
151.4303743839264,-17.597905157227316,0.1,3.0277733621831793,514
151.8238925933838,-17.620852599998585,0.05,2.8006646770142556,515
152.19356894493103,-17.628414947336328,0.0,2.868014845517122,516
152.5255377292633,-17.654525250208,0.0,2.565686591527874,517
152.82644295692444,-17.665950177319477,0.05,2.6185162184117505,518
153.11169028282166,-17.65529050965912,0.0,2.2360752247513815,519
153.41250872612,-17.690384417120963,0.0,2.6362909826642844,520
153.72889375686646,-17.676047036979295,0.05,2.3504441306240693,521
154.0296607017517,-17.727416183370682,0.0,2.559868717920059,522
154.33045291900635,-17.750528464987973,0.0,2.6010731670344005,523
154.6311855316162,-17.78842809490836,0.0,2.724012955722218,524
154.91629076004028,-17.739817541506593,0.0,3.0731537108083438,525
155.2171094417572,-17.725200561673663,0.0,2.47220920392174,526
155.51786470413208,-17.69841027675755,0.05,2.3731816194452615,527
155.81874561309814,-17.721842484439925,0.0,2.589306382739555,528
156.11947178840637,-17.751889071472927,0.05,2.7545046088047744,529
156.40456676483154,-17.74064176831994,0.1,2.614795106004128,530
156.69887733459473,-17.728970634251876,0.05,2.700122523306744,531
157.0218734741211,-17.726842548232927,0.1,2.633519822618083,532
157.3070855140686,-17.698394406356805,0.05,2.435037794593138,533
157.62354922294617,-17.75076588083838,0.1,2.6462540068150524,534
157.97123527526855,-17.772331990780227,0.15000000000000002,2.6788892739440673,535
158.2876718044281,-17.758749953822814,0.2,2.6440041295237138,536
158.5729055404663,-17.764477069502714,0.25,2.198867443369635,537
158.87367296218872,-17.806317796253992,0.2,2.9621797691084755,538
159.17438435554504,-17.756326794716085,0.15000000000000002,2.926464655806639,539
159.45960116386414,-17.784546258661678,0.10000000000000002,2.324737196559099,540
159.7447898387909,-17.81280968694464,0.05000000000000002,1.981908705808373,541
160.04548811912537,-17.851295458142143,0.10000000000000002,2.54302390347699,542
160.34632349014282,-17.900313139270654,0.15000000000000002,2.6190782430998296,543
160.693918466568,-17.945750188138984,0.2,2.618436256150295,544
161.0949833393097,-17.93197861219896,0.25,2.256403484055463,545
161.4493272304535,-17.974127181101313,0.3,2.3212100201831483,546
161.76573038101196,-17.98654995133818,0.25,2.792033733731353,547
162.06647276878357,-17.987199242731563,0.2,3.1913831533160906,548
162.3360242843628,-18.00971795507636,0.25,2.6217666966092334,549
162.62109875679016,-18.00171400740539,0.2,2.9219985185137576,550
162.92184829711914,-18.021708065897556,0.15000000000000002,2.981612803752747,551
163.22258234024048,-18.04544723583509,0.10000000000000002,2.148725589845231,552
163.51690030097961,-18.09967868080812,0.05000000000000002,2.1482788446672716,553
163.817795753479,-18.112155298997276,0.10000000000000002,2.237472523635711,554
164.10299468040466,-18.0710342186124,0.05000000000000002,2.3050077972039373,555
164.42600083351135,-18.113742481197335,1.3877787807814457e-17,2.1733917571782966,556
164.68904972076416,-18.070894091240863,0.05000000000000002,2.6160719470499822,557
164.98975014686584,-18.03464964139135,0.10000000000000002,2.8138934366029185,558
165.36855936050415,-17.993902795167756,0.05000000000000002,2.571315556650684,559
165.72370147705078,-18.000255469816786,0.10000000000000002,2.7074902243879206,560
166.00883626937866,-17.94277819533275,0.15000000000000002,2.318214095187023,561
166.39421677589417,-17.87473494502722,0.2,2.6470498468444124,562
166.67942118644714,-17.894847100593434,0.15000000000000002,3.177327151860482,563
166.98027992248535,-17.864266973811606,0.10000000000000002,1.9277159256794312,564
167.29673528671265,-17.831090686669356,0.05000000000000002,2.393176252806448,565
167.59760165214539,-17.805763471568156,1.3877787807814457e-17,2.9187128831951217,566
167.89845895767212,-17.788242182807284,0.0,2.371787047489988,567
168.18356204032898,-17.82216211096746,0.05,2.4874599709439553,568
168.46867442131042,-17.797116942016835,0.0,2.5332283248990253,569
168.76954770088196,-17.721636098724954,0.0,1.983438483841806,570
169.1016547679901,-17.72583988199155,0.05,2.6349520892779865,571
169.41798639297485,-17.675228775257505,0.0,2.43708065344636,572
169.77210402488708,-17.640990994575958,0.05,2.2422443137122623,573
170.10407209396362,-17.592847149386284,0.1,2.500597839139436,574
170.47379541397095,-17.630785059103623,0.05,2.8051389435472642,575
170.7901487350464,-17.66522370392648,0.1,2.111889791476137,576
171.09099698066711,-17.69254208103614,0.05,2.297317186781511,577
171.4452428817749,-17.673110295739892,0.1,2.4006293180535843,578
171.76173305511475,-17.6751373974585,0.05,1.9628858145055779,579
172.06255626678467,-17.63693808791035,0.1,2.530404255748324,580
172.37898969650269,-17.642602718276866,0.05,2.5273859591672903,581
172.66410660743713,-17.59799572979449,0.0,2.374178298366474,582
172.94924545288086,-17.586411921210523,0.05,2.4832753362270665,583
173.25000429153442,-17.520232359591667,0.1,2.653789097137162,584
173.55073046684265,-17.475162635605248,0.05,2.654482762098301,585
173.86717677116394,-17.485108759593697,0.0,2.9937393095579155,586
174.15228152275085,-17.479689264500788,0.0,2.0898984519553445,587
174.44660091400146,-17.427210896000574,0.05,2.3166663841773443,588
174.7695770263672,-17.442778489524457,0.0,2.1092971022508804,589
175.10152316093445,-17.426914392502347,0.0,2.7847446028077667,590
175.44911408424377,-17.419406247646574,0.0,2.9071736204990013,591
175.7499499320984,-17.391241051061883,0.0,2.6901101814465007,592
176.05724668502808,-17.397081599374477,0.0,2.0717613483918167,593
176.38925886154175,-17.387630205455494,0.05,3.005202324833078,594
176.69013166427612,-17.379012178110585,0.0,2.0089502563524344,595
176.97539710998535,-17.384201036936187,0.0,2.757341309246557,596
177.26052260398865,-17.35047564811627,0.0,3.2043174821208287,597
177.55477714538574,-17.360022862282822,0.05,2.5518830516094932,598
177.83996629714966,-17.311302154420858,0.1,2.5349404374214495,599
178.16286277770996,-17.31030956745155,0.15000000000000002,2.240182234082476,600
178.46366238594055,-17.286982396425973,0.10000000000000002,2.5655044934041933,601
178.76448893547058,-17.262522216516007,0.05000000000000002,2.471961257928026,602
179.09659957885742,-17.224295710245947,0.10000000000000002,2.9135747675610566,603
179.3818473815918,-17.221896728363806,0.05000000000000002,2.7780818867063646,604
179.66041898727417,-17.23234542395164,0.10000000000000002,2.132061327574896,605
179.9456272125244,-17.221095109721897,0.05000000000000002,2.4138081671790697,606
180.23078393936157,-17.224343505268703,0.10000000000000002,2.691794907568125,607
180.50027298927307,-17.204950644263086,0.15000000000000002,2.3221876830654913,608
180.83239006996155,-17.20859049910461,0.2,2.4444390083769165,609
181.11763620376587,-17.15457239570884,0.15000000000000002,3.4239777214211085,610
181.40281987190247,-17.15015240122352,0.10000000000000002,2.8100757975376784,611
181.71925163269043,-17.180230338003835,0.15000000000000002,2.1240706895480645,612
182.0044367313385,-17.149566325412135,0.10000000000000002,2.178913697523521,613
182.30517959594727,-17.1809653049646,0.05000000000000002,1.9759110642434532,614
182.60591673851013,-17.18795090396165,1.3877787807814457e-17,2.491513943267939,615
182.90686869621277,-17.244047483587345,0.05000000000000002,2.905070770828867,616
183.20772051811218,-17.275905934869183,0.10000000000000002,2.7745945894526876,617
183.49294924736023,-17.273795447560378,0.05000000000000002,2.7200900319932946,618
183.77805280685425,-17.24269948175933,1.3877787807814457e-17,2.405285762274672,619
184.07888221740723,-17.285338371531704,0.0,2.6688230375325475,620
184.35906100273132,-17.30516048695289,0.05,2.7385183585850927,621
184.69608616828918,-17.28519473714564,0.1,2.7837635723117717,622
184.9968822002411,-17.328676735799643,0.15000000000000002,2.17378761637532,623
185.34446954727173,-17.313188661477025,0.2,2.5532558414377973,624
185.68302202224731,-17.302879264716672,0.25,2.62601013713329,625
185.99948287010193,-17.29720231558126,0.3,2.788816825496133,626
186.33153581619263,-17.29142271504655,0.35,2.757040551524097,627
186.6323230266571,-17.289232396972505,0.39999999999999997,2.650097067906048,628
186.91743779182434,-17.246344265376035,0.35,2.335461579184598,629
187.2026183605194,-17.243943162087195,0.39999999999999997,2.6874917938891425,630
187.5346360206604,-17.216342382590312,0.44999999999999996,2.5894562364650686,631
187.86661314964294,-17.238210454062948,0.49999999999999994,2.347108287999146,632
188.1673436164856,-17.242302718281874,0.5499999999999999,2.686673145006057,633
188.46811628341675,-17.26781153925344,0.6,2.5126804894897976,634
188.75332593917847,-17.242172116174384,0.65,2.8040511464760147,635
189.13870668411255,-17.22408386386076,0.7000000000000001,2.3418450548465035,636
189.55529975891113,-17.215609699915934,0.65,2.9698593512607876,637
189.92502117156982,-17.264318779209916,0.6,3.1014371299675516,638
190.22582936286926,-17.23870425915859,0.5499999999999999,2.880461824553619,639
190.5266351699829,-17.209497440544975,0.6,2.5233838931456387,640
190.82739424705505,-17.20791045611463,0.65,2.790865668106876,641
191.14374613761902,-17.171576845551712,0.7000000000000001,2.3005557290148317,642
191.44453716278076,-17.136051139998667,0.7500000000000001,2.977309295409068,643
191.7765336036682,-17.127424917975645,0.7000000000000001,2.500284438069344,644
192.07729578018188,-17.091954332077258,0.7500000000000001,3.3873715804603886,645
192.36244249343872,-17.062933567341044,0.7000000000000001,2.3970198516197625,646
192.66317200660706,-17.05444208266881,0.65,2.878765732936478,647
192.94824981689453,-17.018137860986837,0.7000000000000001,2.660541416559583,648
193.2490212917328,-16.997317326006286,0.65,3.2531743447116996,649
193.53416228294373,-17.006553114120614,0.7000000000000001,2.6266725427499398,650
193.8194420337677,-17.01494238698389,0.7500000000000001,2.3117083922522306,651
194.12027382850647,-17.044078923929025,0.8000000000000002,2.83742839082283,652
194.42100167274475,-17.04642837265555,0.7500000000000001,2.9442514578477534,653
194.7217526435852,-17.050406931874335,0.8000000000000002,2.7108569549233037,654
195.02249336242676,-17.03468058572279,0.8500000000000002,2.8637372420719385,655
195.30762267112732,-17.054617854897128,0.9000000000000002,2.8069923794777827,656
195.58629322052002,-17.068282215731067,0.8500000000000002,3.3047306096494418,657
195.8714063167572,-17.070806182238268,0.9000000000000002,3.3645275206109018,658
196.1878228187561,-17.091714836148263,0.8500000000000002,3.406789938124951,659
196.47296476364136,-17.166975246317705,0.8000000000000002,3.2290884563101954,660
196.7894582748413,-17.203191814662013,0.7500000000000001,4.3017979045957695,661
197.07469844818115,-17.1930394076402,0.8000000000000002,2.671593982519282,662
197.4132740497589,-17.270511495208382,0.7500000000000001,3.670701198772972,663
197.7297065258026,-17.281986025920506,0.8000000000000002,4.188491948236624,664
198.0083303451538,-17.335553825568976,0.8500000000000002,2.968496853859731,665
198.2778491973877,-17.368966492633565,0.8000000000000002,3.562389733944047,666
198.57869696617126,-17.46802976718943,0.7500000000000001,4.1719721850321445,667
198.879456281662,-17.559939711780373,0.7000000000000001,4.314721223332745,668
199.18015837669373,-17.714803944824283,0.65,4.494987035426195,669
199.4808793067932,-17.810359819173996,0.6,3.4640445650143814,670
199.76606154441833,-17.94900897630293,0.65,4.11147892774693,671
200.05122256278992,-18.149037563585882,0.6,4.422364355939803,672
200.33632445335388,-18.308793235482003,0.5499999999999999,3.4234573054138284,673
200.63710188865662,-18.529525071670268,0.6,4.0617472959115695,674
200.92220640182495,-18.69001868292629,0.5499999999999999,5.0354504889767115,675
201.22294449806213,-18.854505611827392,0.49999999999999994,3.8656454402670595,676
201.52378106117249,-19.05703858064696,0.44999999999999996,4.663417473741518,677
201.81799983978271,-19.227302935637805,0.39999999999999997,4.682546704448402,678
202.1031150817871,-19.38945020077783,0.44999999999999996,4.348102670413837,679
202.3882622718811,-19.623518439561774,0.39999999999999997,5.386208386130119,680
202.70469546318054,-19.83003570238554,0.44999999999999996,4.100063563319971,681
202.97422647476196,-19.99900377086522,0.39999999999999997,3.8212028604425026,682
203.259343624115,-20.146024401372653,0.44999999999999996,4.482846674059058,683
203.56007432937622,-20.31731034532206,0.49999999999999994,4.288479503388947,684
203.84518885612488,-20.479509192042407,0.44999999999999996,3.868972404788014,685
204.1303472518921,-20.66743865955581,0.49999999999999994,4.819771128060634,686
204.43107771873474,-20.78959747393695,0.44999999999999996,4.090286566792956,687
204.73194694519043,-20.91717954044038,0.39999999999999997,4.207192457132706,688
205.01062393188477,-21.089598415067798,0.35,4.411633418867037,689
205.31146097183228,-21.254983466222043,0.3,4.053219586567739,690
205.59654068946838,-21.368968144311307,0.25,4.966310209353585,691
205.8972988128662,-21.525945371668175,0.2,4.2601371403446,692
206.1980950832367,-21.66200071235311,0.25,4.637314684083131,693
206.49889206886292,-21.771679483765837,0.3,4.2579620631687565,694
206.7840437889099,-21.869121278467837,0.25,3.826205637646544,695
207.06915736198425,-21.97794901795562,0.3,3.631026920578742,696
207.354248046875,-22.104892074232403,0.25,3.2516209577213515,697
207.68631887435913,-22.199091848789166,0.3,3.632075504721456,698
207.9871096611023,-22.27872659502781,0.35,3.580405805711105,699
208.3035261631012,-22.384473110049807,0.3,3.4412867187835507,700
208.58871483802795,-22.462796522215736,0.35,3.793196495862229,701
208.88947343826294,-22.505990035674998,0.39999999999999997,3.456727837736908,702
209.174635887146,-22.58701775181174,0.35,3.0720687105820974,703
209.45971608161926,-22.64225647464899,0.3,4.2556935892036165,704
209.7448501586914,-22.72215521604704,0.35,3.4877469691464635,705
210.04564595222473,-22.766530247317142,0.3,4.255629311419487,706
210.33998322486877,-22.759480428618673,0.25,2.8889520588433912,707
210.64085817337036,-22.83056122173699,0.2,3.7046196316050843,708
210.94813227653503,-22.89332246901191,0.15000000000000002,3.339790946941933,709
211.24241662025452,-22.85323851310851,0.2,3.4796577782552465,710
211.52762722969055,-22.863793159965702,0.15000000000000002,3.2016647882574607,711
211.81277918815613,-22.861745920508742,0.10000000000000002,2.7027831955615405,712
212.09787845611572,-22.815436496787513,0.05000000000000002,3.1983628683927345,713
212.38303351402283,-22.800406962235005,1.3877787807814457e-17,2.905058348713547,714
212.6681830883026,-22.74882904276202,0.05000000000000002,2.4324852070906893,715
212.9688811302185,-22.739683758783244,0.10000000000000002,3.299814860331959,716
213.25397658348083,-22.601439864609475,0.05000000000000002,2.5294707288352503,717
213.51695847511292,-22.51530352671538,1.3877787807814457e-17,2.7352202252389657,718
213.80207777023315,-22.399504857640153,0.0,2.6724698597815717,719
214.08724856376648,-22.288042529416774,0.0,3.1511051773159267,720
214.37246680259705,-22.14786029267611,0.0,3.4946997277338796,721
214.65754675865173,-21.99114317427442,0.05,2.753599471246026,722
214.9361560344696,-21.816197535913048,0.1,3.2782068837902276,723
215.23692750930786,-21.632045957014114,0.05,2.894850269624232,724
215.55984616279602,-21.43397681302856,0.0,2.7441386667284853,725
215.83845233917236,-21.208477173104203,0.05,2.808067345858115,726
216.13921689987183,-21.023553459102068,0.1,3.4211708537115353,727
216.40870809555054,-20.895223070812225,0.05,2.5415214552956757,728
216.72521781921387,-20.70120732141119,0.0,2.9273577224215392,729
217.01043152809143,-20.514393635793926,0.0,2.7679672084276516,730
217.29557919502258,-20.330478117397295,0.0,1.807334420392539,731
217.61190795898438,-20.144406547548964,0.0,2.96475125066801,732
217.9283185005188,-20.002589718631317,0.0,3.1757350091145837,733
218.19784688949585,-19.82730598427621,0.05,2.5006072600722113,734
218.49872255325317,-19.69029279120344,0.1,2.580707733688892,735
218.7682809829712,-19.510172589637932,0.05,2.2644755180155642,736
219.08474373817444,-19.36960556414843,0.1,2.6619448724112664,737
219.3855004310608,-19.178706072855245,0.05,2.1449998686584633,738
219.67067885398865,-19.02205652266931,0.0,2.8016027604077505,739
219.98711681365967,-18.874769821499655,0.05,2.6161854408792533,740
220.28792929649353,-18.691431506585246,0.1,2.988251498624827,741
220.61528611183167,-18.581840205299116,0.15000000000000002,2.442846554023971,742
220.95811414718628,-18.45094715442133,0.2,2.5266271860542644,743
221.3112051486969,-18.346749772328323,0.25,2.299124944821342,744
221.6635217666626,-18.27356321241592,0.2,2.6084910357873583,745
222.0211305618286,-18.146897433238586,0.25,2.6290633580514227,746
222.39086604118347,-18.044267385746014,0.2,2.1303768668847627,747
222.6760642528534,-17.957208735188484,0.25,2.2092751737768803,748
222.99251985549927,-17.907156986649987,0.2,2.554747683513578,749
223.29332089424133,-17.78473218417655,0.15000000000000002,2.1941480254806343,750
223.57846069335938,-17.72839685352411,0.2,2.6020417061203625,751
223.87926077842712,-17.64655572218477,0.25,2.4239963792466552,752
224.1578586101532,-17.540598825859885,0.3,2.6064278763021025,753
224.45865082740784,-17.50354479370609,0.35,2.8482773027059163,754
224.75937914848328,-17.454905332411805,0.3,2.5494684911801984,755
225.06011819839478,-17.407597235534276,0.35,2.3496346879578907,756
225.36088943481445,-17.391569248315335,0.39999999999999997,2.3621278822708156,757
225.64596915245056,-17.347091462920737,0.35,2.9183374378057043,758
225.94677138328552,-17.25311650815591,0.39999999999999997,2.5760844207463713,759
226.24767088890076,-17.227396545932123,0.35,2.0966970652691495,760
226.5327925682068,-17.16218823747892,0.39999999999999997,2.2873532986958334,761
226.8335564136505,-17.122701201367477,0.44999999999999996,2.427268087763188,762
227.13426733016968,-17.044740985340354,0.49999999999999994,2.256975528520808,763
227.41940999031067,-17.027989463238487,0.44999999999999996,3.3186353292544832,764
227.72026109695435,-17.049214041831025,0.39999999999999997,2.7749140565809554,765
228.0210041999817,-16.981103874326855,0.44999999999999996,2.453030391803091,766
228.30611276626587,-16.968405855229786,0.39999999999999997,2.64157344225971,767
228.59121322631836,-16.961276844279045,0.35,2.180131095088291,768
228.869811296463,-16.954667552704976,0.39999999999999997,2.5477145948727484,769
229.15492272377014,-16.938692775977746,0.35,2.5599437461164096,770
229.47138166427612,-16.921078937747545,0.39999999999999997,2.5502915779418953,771
229.772114276886,-16.8991049426463,0.35,2.1118489036624783,772
230.05733275413513,-16.926621684459132,0.39999999999999997,2.5112149233143195,773
230.3424551486969,-16.895465486554613,0.35,2.057490169169852,774
230.62757277488708,-16.90574653498259,0.3,2.091879351621345,775
230.92831230163574,-16.911183621589508,0.35,2.351631659911268,776
231.2134325504303,-16.88165514377303,0.3,2.7355286248408714,777
231.5142912864685,-16.822912100043652,0.25,2.1703191243246014,778
231.79936575889587,-16.902534467067927,0.2,2.454949350086585,779
232.10012984275818,-16.89656496210763,0.15000000000000002,3.1368753921823087,780
232.41666221618652,-16.86807765024459,0.10000000000000002,3.149168428682243,781
232.7017307281494,-16.871512694520213,0.05000000000000002,2.428335280704661,782
233.00249862670898,-16.863066044605144,1.3877787807814457e-17,1.9856236863892847,783
233.28111052513123,-16.843379006448334,0.05000000000000002,2.248309651405197,784
233.58993673324585,-16.84217369628521,0.10000000000000002,2.579602744880215,785
234.05180883407593,-16.84198555724152,0.15000000000000002,2.508923409874951,786
234.42157626152039,-16.892895491480793,0.10000000000000002,2.722318201680732,787
234.72237372398376,-16.922377597584163,0.15000000000000002,2.0790004374242086,788
235.03872275352478,-16.929884951538448,0.10000000000000002,2.0185763260303458,789
235.48654198646545,-16.923106679813213,0.15000000000000002,2.8120472186352368,790
235.96103644371033,-16.954929934842706,0.2,2.6390590627544825,791
236.32528018951416,-16.869622070599675,0.15000000000000002,2.82222638282115,792
236.6637842655182,-16.855089462672865,0.2,2.698406725792871,793
236.99592280387878,-16.838862514531677,0.15000000000000002,3.0949342529042165,794
237.3656406402588,-16.821966239276883,0.10000000000000002,2.70716428168498,795
237.76011538505554,-16.79029263461419,0.05000000000000002,2.999857183173691,796
238.16108560562134,-16.762036523313803,0.10000000000000002,2.069095304602277,797
238.5620584487915,-16.711449010493066,0.05000000000000002,2.8640032473865453,798
238.9911572933197,-16.724973611282522,0.10000000000000002,2.8078292909121156,799
239.39213061332703,-16.71601707293782,0.15000000000000002,2.9202455568947014,800
239.80876541137695,-16.697184275217012,0.10000000000000002,2.360977797459831,801
240.34024596214294,-16.735297567966793,0.05000000000000002,2.2240857499593236,802
240.8274474143982,-16.78146431203985,0.10000000000000002,3.132565183978828,803
241.301411151886,-16.796508378653396,0.05000000000000002,2.801741780779595,804
241.72413110733032,-16.77061500119602,1.3877787807814457e-17,1.8664061790435396,805
242.10596561431885,-16.739042332489035,0.0,3.1116039978236496,806
242.42232942581177,-16.70713237941006,0.0,3.147738633231534,807
242.72312474250793,-16.726485254587406,0.0,2.214166694121194,808
243.05519556999207,-16.760356153186315,0.05,2.5834670500317474,809
243.37156319618225,-16.74027926170275,0.0,2.529835774350789,810
243.71021819114685,-16.756926433146823,0.0,2.555335385655865,811
244.0890872478485,-16.73849629139301,0.05,3.0111931662548117,812
244.47444605827332,-16.820596577589686,0.0,2.336080923334448,813
244.91317462921143,-16.810243561147058,0.0,2.5722129674295386,814
245.40793323516846,-16.841918807239367,0.0,2.7633920995725982,815
245.92860651016235,-16.861518035102407,0.05,2.437238455264163,816
246.3221971988678,-16.906725333900567,0.0,3.1223995097562556,817
246.67695569992065,-16.8628165935268,0.0,2.990982952649924,818
247.0398895740509,-16.86275366351198,0.05,2.6627887927289424,819
247.3529176712036,-16.859418190107228,0.0,2.221769231529381,820
247.65005207061768,-16.887333369695902,0.0,2.838031366531971,821
247.95080661773682,-16.863140787329694,0.0,2.377184901657697,822
248.25156712532043,-16.858010550916525,0.0,2.324433049239321,823
248.5680832862854,-16.86275551172779,0.05,2.957313415109423,824
248.89110040664673,-16.869168484580275,0.0,2.8361605179032043,825
249.1918008327484,-16.88540004970223,0.0,2.161792033034411,826
249.5238115787506,-16.916937670873434,0.05,2.6569297635145204,827
249.95604014396667,-16.958300501761798,0.1,2.2341557956454308,828
250.25677347183228,-16.952463851492517,0.05,2.2351162750347786,829
250.5575728416443,-16.935478555927606,0.0,2.9167766887483406,830
250.84272408485413,-16.946737759297676,0.05,2.55374753951162,831
251.14364647865295,-16.93810878629914,0.0,2.7328983655062604,832
251.48216843605042,-16.97979068397905,0.05,2.3673763055271926,833
251.79857420921326,-17.002503900443543,0.0,2.009341530952317,834
252.08364582061768,-17.006094604216152,0.0,2.5292977527524663,835
252.38444018363953,-17.010033943200018,0.0,2.4531012656870947,836
252.68518090248108,-16.968571408036734,0.05,2.323984972684533,837
253.01719164848328,-16.95050003676005,0.0,2.5402464885134446,838
253.33365035057068,-16.96696427204064,0.0,2.698335653268918,839
253.65010404586792,-16.98329165083177,0.05,2.9223507380464504,840
253.9509198665619,-16.977286703294848,0.0,2.4357308791900034,841
254.28945469856262,-17.029625365366204,0.0,2.2637682850876235,842
254.69044017791748,-17.08982935787866,0.0,2.3869004768121527,843
254.99117517471313,-17.105273641355815,0.0,2.52434544648156,844
255.3231599330902,-17.10123706117325,0.0,2.836299643827264,845
255.68641304969788,-17.150519311211248,0.0,2.334242937907767,846
255.993750333786,-17.172031257164672,0.05,2.5024523386413837,847
256.31013679504395,-17.19135086899916,0.1,2.6064350467939175,848
256.6577899456024,-17.16564911043337,0.05,2.538195232782491,849
256.9742422103882,-17.186550509315666,0.0,2.8323559077968445,850
257.3127238750458,-17.20212720568164,0.05,2.3026377288675315,851
257.62918424606323,-17.189378224538938,0.0,2.3795294241916234,852
257.9767382144928,-17.17815959052495,0.05,2.7468798504897904,853
258.3998761177063,-17.11376947493815,0.1,2.873088140917023,854
258.8822615146637,-17.08928149752812,0.05,2.546616616605311,855
259.4089698791504,-17.073436842126263,0.1,2.7033455101582637,856
259.9021716117859,-17.072994342900667,0.05,2.7712427712303427,857
260.36270332336426,-17.03532701463419,0.1,2.339175348886944,858
260.8261454105377,-17.063110907842614,0.05,1.9943239269524242,859
261.29996633529663,-17.038172547769673,0.1,2.1681479807691653,860
261.85153436660767,-17.073041993637798,0.05,2.222563392435892,861
262.2064456939697,-17.128976518675632,0.1,2.8769620447456283,862
262.58639192581177,-17.1310234115362,0.15000000000000002,2.5210870917974333,863
262.9496417045593,-17.116953495587655,0.10000000000000002,2.8126606992430836,864
263.2882618904114,-17.065449578412316,0.15000000000000002,2.2255323429089597,865
263.60467529296875,-17.043620053568272,0.10000000000000002,2.8985083439359496,866
263.9366137981415,-17.070963880508824,0.05000000000000002,2.1423464838060187,867
264.26865339279175,-17.126208033737132,0.10000000000000002,2.4530202335954896,868
264.59154868125916,-17.12222662849189,0.15000000000000002,2.9649528514883032,869
264.907901763916,-17.132650388970315,0.10000000000000002,2.8061346141211017,870
265.2555031776428,-17.155349536429593,0.05000000000000002,2.325415092264489,871
265.6720983982086,-17.214504588715883,1.3877787807814457e-17,2.739308258232478,872
266.01059103012085,-17.21070586543617,0.05000000000000002,3.1999270711206678,873
266.31134724617004,-17.230252292031544,0.10000000000000002,2.747809399190624,874
266.6121106147766,-17.22168697803382,0.15000000000000002,2.5175906114670377,875
266.92866802215576,-17.218238243586207,0.10000000000000002,2.2659969915461686,876
267.22951436042786,-17.20472656439398,0.15000000000000002,2.7622319469716676,877
267.53685426712036,-17.183800901108448,0.10000000000000002,2.421839534966748,878
267.8622450828552,-17.163604821569365,0.15000000000000002,2.4095342183031034,879
268.2164537906647,-17.16515176491048,0.10000000000000002,3.0443489163313884,880
268.64867997169495,-17.160178886224774,0.05000000000000002,2.7620218679132615,881
269.00278425216675,-17.164503361299538,1.3877787807814457e-17,2.2583342583395076,882
269.3347923755646,-17.12101514945255,0.05000000000000002,2.307443321662385,883
269.7046043872833,-17.12597900458126,1.3877787807814457e-17,2.9063686112526947,884
270.0834536552429,-17.132867311792474,0.0,2.443417220079807,885
270.40641260147095,-17.145407372634477,0.0,1.935259808188519,886
270.70074367523193,-17.1837489598514,0.05,2.1415796395910185,887
271.0080292224884,-17.173090315518543,0.1,2.650513285150323,888
271.5009105205536,-17.139686067337365,0.15000000000000002,2.6948197048075415,889
272.0383605957031,-17.114990435848444,0.10000000000000002,2.218458170640631,890
272.43184638023376,-17.126420980912716,0.05000000000000002,2.4776183247825427,891
272.8050799369812,-17.15100263556185,1.3877787807814457e-17,2.2058873899949294,892
273.1685161590576,-17.082425014255087,0.05000000000000002,2.4586985495795166,893
273.4536364078522,-17.027187961377088,0.10000000000000002,2.611611209757246,894
273.7765533924103,-17.065046425638766,0.05000000000000002,2.73260368048649,895
274.07731318473816,-17.08153614762982,1.3877787807814457e-17,2.2590856450394337,896
274.3716173171997,-17.07085383445527,0.0,2.4525566783552826,897
274.672456741333,-17.098082805370417,0.05,2.3019014196036247,898
274.9732208251953,-17.117563851286373,0.0,2.544912874760744,899
275.2740921974182,-17.15082301777532,0.0,2.695017727926304,900
275.6282272338867,-17.17834877185151,0.0,2.5269912552088236,901
275.98239612579346,-17.215257612237853,0.05,2.7142121220014457,902
276.314404964447,-17.179176607079103,0.1,2.0293274005644535,903
276.6464469432831,-17.180609648463474,0.05,2.623714181761353,904
276.96280217170715,-17.20698104186383,0.1,2.21683507917132,905
277.3169059753418,-17.200772208082807,0.05,2.35981654476263,906
277.70225954055786,-17.218842709184273,0.0,3.0199558529936907,907
278.0031623840332,-17.22149060276577,0.05,2.5363920102440995,908
278.2882339954376,-17.221714723616763,0.1,2.7049472279878684,909
278.58896827697754,-17.274385647529694,0.15000000000000002,2.994208892099301,910
278.9678134918213,-17.208360492129998,0.2,2.4604034475608767,911
279.2906858921051,-17.22324392533677,0.25,2.682705207455594,912
279.59155321121216,-17.13716359715312,0.3,2.410030171437601,913
279.88587284088135,-17.126567649826196,0.25,2.299282866741799,914
280.19310307502747,-17.100312708987495,0.2,3.072114332207662,915
280.5407500267029,-17.13473545170271,0.15000000000000002,2.242923783688388,916
280.9262578487396,-17.142927834717117,0.10000000000000002,2.6424839439956243,917
281.3116149902344,-17.160039863173758,0.05000000000000002,2.924382681653674,918
281.7123384475708,-17.137921197383985,1.3877787807814457e-17,2.3182751115322344,919
282.0130693912506,-17.12294463314683,0.05000000000000002,2.5010247105771612,920
282.3138608932495,-17.064428946079243,1.3877787807814457e-17,3.1875414684890786,921
282.59896302223206,-17.043035174862574,0.0,2.5771339419370043,922
282.89969658851624,-17.023507418640236,0.05,2.9096714703595525,923
283.19395685195923,-17.014574211023568,0.1,2.557910407164604,924
283.50123381614685,-17.002392336374076,0.15000000000000002,2.429439838686525,925
283.80196475982666,-17.002697554230384,0.2,2.6965127653587886,926
284.09622406959534,-16.979105934264666,0.15000000000000002,2.127623785857313,927
284.3969900608063,-16.964034904761245,0.10000000000000002,3.13570525663736,928
284.6977593898773,-16.942820478589773,0.15000000000000002,2.467934645001087,929
285.020626783371,-16.953710424046317,0.10000000000000002,2.2008457333376112,930
285.3214626312256,-16.95361542004465,0.15000000000000002,2.6357020740612462,931
285.6378266811371,-16.921717483858675,0.10000000000000002,2.6915370558948353,932
285.9229836463928,-16.935579605085127,0.05000000000000002,2.4418435120308706,933
286.2080452442169,-16.955086478335286,1.3877787807814457e-17,2.730712628288564,934
286.5088121891022,-16.951974841934277,0.0,2.0798362308494958,935
286.82517743110657,-16.958574052673857,0.05,2.9690892015901493,936
287.1103193759918,-16.90810884628006,0.1,2.8390354983577355,937
287.4267506599426,-16.91859078722148,0.15000000000000002,2.705954749572775,938
287.74311780929565,-16.934536850465218,0.2,2.6592785990860417,939
288.02831077575684,-16.98632066262549,0.25,2.3663681558962604,940
288.3290436267853,-16.97898276247687,0.2,2.1304161957706023,941
288.62977361679077,-16.93967676177579,0.15000000000000002,2.07509318031851,942
288.93056082725525,-16.969752120973983,0.2,2.484920975519868,943
289.2469503879547,-17.002243155297446,0.25,2.7791171550637173,944
289.5320723056793,-16.97276283976502,0.2,2.392273925494392,945
289.8328015804291,-16.928894592503354,0.25,2.626158877322019,946
290.1335289478302,-16.943830563804507,0.2,2.1200614589793605,947
290.43432545661926,-16.930412783886016,0.15000000000000002,2.516702985427997,948
290.73514890670776,-16.91747347951823,0.10000000000000002,2.009198366816332,949
291.0202202796936,-16.908155135758378,0.05000000000000002,2.5067998510188243,950
291.3522038459778,-16.88185862679012,0.10000000000000002,2.337828176373654,951
291.6529471874237,-16.810630813118873,0.15000000000000002,2.5357182673412972,952
291.9536929130554,-16.8526599743297,0.10000000000000002,3.372483703429365,953
292.3234004974365,-16.866406905001682,0.05000000000000002,3.077120803676784,954
292.7022352218628,-16.887004984548938,1.3877787807814457e-17,2.263462937270894,955
293.0875964164734,-16.856792082235128,0.05000000000000002,2.5455696385663855,956
293.56922578811646,-16.899356726997464,1.3877787807814457e-17,2.583701928195278,957
293.9397134780884,-16.917450007597107,0.0,2.692137455801922,958
294.2736918926239,-16.83368469450553,0.05,2.5509067947342974,959
294.59012055397034,-16.855806762883866,0.0,3.011138084421733,960
294.8908996582031,-16.86020941492443,0.0,2.381225468798948,961
295.2138624191284,-16.82989854093693,0.0,2.7225134977887406,962
295.51462149620056,-16.863211180256457,0.0,3.118537506908763,963
295.8309953212738,-16.943277531044092,0.05,2.6972902580412925,964
296.14745593070984,-16.973341259642122,0.0,2.4125123557273103,965
296.4638931751251,-16.94811342126637,0.05,1.9724568249579217,966
296.76462483406067,-16.87863032032617,0.0,2.744595961968655,967
297.0653991699219,-16.883287995659504,0.0,2.5080908051139255,968
297.3818414211273,-16.918177826460976,0.05,3.23638355094175,969
297.68254137039185,-16.99049600459348,0.1,2.6691266299094023,970
297.9833800792694,-17.03400770537671,0.05,2.6172749199144056,971
298.28422713279724,-16.978195362340244,0.1,2.7533122007954627,972
298.6006896495819,-16.954414108414944,0.05,2.3348884729195376,973
298.92362880706787,-16.94497904205158,0.0,1.9440961414241298,974
299.2244551181793,-16.97668925652398,0.0,2.5317570744591653,975
299.52525067329407,-17.01855192951964,0.05,2.6512031537538614,976
299.8416175842285,-17.049880871221525,0.1,2.477578056701183,977
300.12675309181213,-17.08695434123912,0.15000000000000002,2.787561165464286,978
300.4588346481323,-17.07988454695543,0.2,2.9186190119569075,979
300.75954937934875,-17.107872182834495,0.15000000000000002,2.6755676014863594,980
301.0760827064514,-17.13697691201231,0.10000000000000002,2.7228741956534015,981
301.37682342529297,-17.14247309818901,0.15000000000000002,2.310838557739606,982
301.6931691169739,-17.15740616223245,0.10000000000000002,2.335482780306537,983
302.0095944404602,-17.122538154061232,0.05000000000000002,2.7820575880603178,984
302.33256483078003,-17.084372914559452,1.3877787807814457e-17,2.881457797109332,985
302.6334066390991,-17.071014835243425,0.0,2.2202212537961166,986
302.9120283126831,-17.061771509464048,0.0,2.4463570367192222,987
303.2127740383148,-17.104607242653373,0.05,2.9462235632371763,988
303.55132389068604,-17.07159020419134,0.0,2.6698762155079008,989
303.85214924812317,-17.033892812282172,0.05,2.3316325226040098,990
304.1529538631439,-17.0932016789206,0.0,2.356831877651671,991
304.46927213668823,-17.100973022059932,0.05,2.5426042744646637,992
304.7700424194336,-17.081015615430815,0.1,2.454621314235179,993
305.08642578125,-17.086323928224996,0.05,2.274183036771345,994
305.41849994659424,-17.09031791638886,0.1,2.6288975658151528,995
305.741464138031,-17.09970788828407,0.15000000000000002,2.37382089252247,996
306.0357162952423,-17.101456733965414,0.2,2.8421585361778834,997
306.34302258491516,-17.11541741217181,0.15000000000000002,2.885723714126813,998
306.64389753341675,-17.09637667150113,0.10000000000000002,3.1176531356816928,999
306.9759683609009,-17.054423559900027,0.05000000000000002,2.708565464232279,1000
