total_time,n_koeff,iteration,novelty,reward
4.327356338500977,0.95,1,nan,247.04737027773817
5.602405309677124,0.8999999999999999,2,6.063097259418284,242.3138933060111
7.041574716567993,0.8499999999999999,3,6.3049370076315965,240.4164329458118
8.629034996032715,0.7999999999999998,4,6.072328457985997,239.41204732830943
10.123539209365845,0.7499999999999998,5,6.35021227566744,238.40761009624143
11.659522771835327,0.6999999999999997,6,5.6376710596722095,238.62566444668667
13.234599113464355,0.6499999999999997,7,5.821843820104017,238.30945710602282
14.520553350448608,0.5999999999999996,8,5.5699864744827785,239.17593484649564
15.832479476928711,0.5499999999999996,9,4.581042107179053,238.61318000602054
17.09587836265564,0.4999999999999996,10,4.2641559110024,238.4267850771007
18.38776445388794,0.4499999999999996,11,3.691404411912437,238.6395959548846
19.66650104522705,0.4999999999999996,12,3.4424879708823433,238.2098928585131
20.92978572845459,0.4499999999999996,13,3.424146787055527,238.79880275623674
22.25071358680725,0.4999999999999996,14,3.4294905310172665,239.19659100735407
23.84432363510132,0.4499999999999996,15,2.928346939828866,238.64928954040525
25.35884165763855,0.39999999999999963,16,2.9316048124030423,238.7395755172219
26.99653434753418,0.34999999999999964,17,2.855602875232555,238.4954113396447
28.521426677703857,0.29999999999999966,18,2.470372431933485,238.50640297981215
29.831420183181763,0.24999999999999967,19,2.500899722559358,226.13053996536783
31.17559027671814,0.19999999999999968,20,3.057850075394513,226.73000650919812
32.51190376281738,0.1499999999999997,21,2.5979222233232093,227.4205998416131
33.832353591918945,0.1,22,2.4302239020012086,228.20654068686656
35.12459945678711,0.1,23,2.3366084386766017,228.50449643745128
36.36441493034363,0.1,24,2.568873015737473,228.85498175407665
37.61827111244202,0.1,25,2.1846074853364925,229.43738385763325
39.0702691078186,0.1,26,2.1979043840728623,229.92970706015495
40.85190558433533,0.1,27,2.081307964582978,229.89756343148707
42.42040491104126,0.1,28,2.0188067964070386,230.46585820346033
44.04427409172058,0.1,29,1.8502594621671489,230.69070070890473
45.5144157409668,0.1,30,1.7050579577409004,231.3431702700051
46.835575580596924,0.1,31,1.525729049051559,231.73689681665476
48.11114835739136,0.15000000000000002,32,1.6476733453807433,231.76209997877794
49.51949739456177,0.10000000000000002,33,1.877309605006688,231.89091693152352
50.843181133270264,0.1,34,2.1257392654924834,232.28402099734717
52.09350538253784,0.1,35,1.9860418228786396,232.42968430957458
53.333582401275635,0.1,36,1.9519684735395864,232.4544541450143
54.7065691947937,0.15000000000000002,37,1.6499099999247282,232.48570280206587
56.338518381118774,0.10000000000000002,38,1.8347408412549704,232.5657604944912
57.86795473098755,0.15000000000000002,39,1.74074509491237,232.93151346072324
59.377607107162476,0.10000000000000002,40,1.7750595071343986,233.23084680788043
60.893208742141724,0.1,41,2.0204262604146406,233.86427107884163
62.16644024848938,0.1,42,2.1056480092317558,234.54192639937523
63.43579602241516,0.1,43,1.633335225545829,235.63600625396873
64.74722027778625,0.1,44,1.7380165856818017,236.3063226874212
66.01966571807861,0.1,45,1.7532473154067703,237.94976535295282
67.35276961326599,0.1,46,1.7218705075120628,239.60926883558437
68.60298275947571,0.1,47,1.70032613988097,241.1696215019754
69.85422921180725,0.1,48,1.7780437599105912,242.17739986135348
71.44442415237427,0.1,49,1.3428146716190426,243.53876919237163
73.02157092094421,0.1,50,1.4534033949857654,244.6313432208444
74.54512596130371,0.1,51,1.5724043567443577,245.84414293938423
76.04229378700256,0.1,52,1.5081584688953567,247.2174082005273
77.47609877586365,0.1,53,1.484975892859516,248.603202382136
78.71605658531189,0.1,54,1.599435263894921,250.383200865311
79.93687772750854,0.1,55,1.411690883296667,251.8428469946244
81.15726733207703,0.15000000000000002,56,1.384796389313113,253.42817025940073
82.55037522315979,0.10000000000000002,57,1.5649252641949227,255.38391523584878
83.82230353355408,0.1,58,1.536384157392456,257.11458854919726
85.09566020965576,0.1,59,1.7450415833209305,259.15143861640735
86.48689818382263,0.1,60,1.7823078918018056,261.1520752696519
88.25227975845337,0.1,61,1.3581648375048951,263.1494404075185
89.80601954460144,0.1,62,1.543724930822035,265.27555994726464
91.31932973861694,0.1,63,1.2676454014753458,266.98711106586256
92.85424041748047,0.1,64,1.947022604946938,268.60935084481565
94.1685585975647,0.1,65,1.307586285325637,270.5086775288685
95.45045185089111,0.1,66,1.1909426920395718,272.62636881920514
96.76974511146545,0.1,67,1.1657959384410765,274.3817588461311
98.05321288108826,0.1,68,1.6953656429809665,276.2188497502049
99.3252854347229,0.1,69,1.2450120327353942,282.8475571865603
100.58609676361084,0.1,70,1.188449084454947,284.6480632747594
101.81702995300293,0.1,71,1.2446428226620494,286.6069082417139
103.36297059059143,0.1,72,1.0995379555475966,288.5294073403526
104.92526841163635,0.1,73,1.1350292937370163,290.4312221573614
106.44264125823975,0.1,74,1.9370375615105264,292.70683679093565
108.24750137329102,0.1,75,1.420578055092921,294.9517322106554
109.68185329437256,0.1,76,1.3404312117063324,296.9179412967269
110.93115615844727,0.1,77,1.284247542960296,298.8342880803252
112.19439673423767,0.1,78,2.1985137798916323,300.71781704220314
113.43347787857056,0.15000000000000002,79,1.5114350388123812,302.29474123874905
114.6732439994812,0.2,80,1.2670713361295667,304.3182245992462
115.9259877204895,0.15000000000000002,81,1.5378640320096462,306.2827502385688
117.2440574169159,0.10000000000000002,82,1.289385358030228,308.64109393124346
118.57923412322998,0.1,83,1.1402844078361145,310.98332569754047
120.17774987220764,0.1,84,1.8317483233203766,312.92343797310764
121.66123533248901,0.1,85,1.2114171171017942,315.28141536110934
123.19492888450623,0.1,86,1.4361344120371125,317.7130595787853
124.75001931190491,0.1,87,1.4761973069901257,319.957763800123
126.1026873588562,0.1,88,1.1995324702796653,322.60115953438265
127.32723259925842,0.1,89,1.3978162592351713,324.53036323444013
128.6092665195465,0.1,90,1.289078975236198,326.6407098554074
129.8802261352539,0.1,91,1.2908195291668658,328.6308893699489
131.14340686798096,0.1,92,1.5024174400988826,330.41153066032297
132.36445689201355,0.1,93,1.0414488512865798,331.7975736306084
133.64530611038208,0.1,94,1.1826424191565867,333.40957930488804
135.10694527626038,0.15000000000000002,95,1.1679531652840875,334.03779609659375
136.7226276397705,0.10000000000000002,96,1.0751476841529095,334.9536355942769
138.24382495880127,0.1,97,1.2166873789287052,335.485121653909
139.70099067687988,0.1,98,1.269261725603575,336.84133274948914
141.17479825019836,0.1,99,1.1963758250779162,337.667987018973
142.42790007591248,0.1,100,1.0584749372295186,338.6333425256635
143.73043274879456,0.1,101,0.9424289751108755,339.70830691509065
144.97406244277954,0.15000000000000002,102,0.8293977226380234,340.887454424008
146.30010557174683,0.10000000000000002,103,1.036982950799295,341.8315473340336
147.55257081985474,0.1,104,1.0201765786730708,342.4811924096406
148.836487531662,0.1,105,0.944475004778418,343.4403485842689
150.12634778022766,0.15000000000000002,106,0.8560203230038738,344.306569047156
151.74517631530762,0.10000000000000002,107,1.1097675471592268,344.7020177412145
153.2990026473999,0.1,108,1.1304731605364926,345.24368871288004
154.80266571044922,0.1,109,1.1557164644132274,345.5794938648819
156.36899757385254,0.1,110,1.0112575150760272,345.99734275857395
157.7916979789734,0.1,111,1.0581325064665452,346.4301871689237
159.0101673603058,0.1,112,1.1253353015140215,346.7146809053884
160.2508726119995,0.15000000000000002,113,0.6147966727606227,347.37788048411863
161.50368404388428,0.2,114,0.8099936415920471,347.9067256750101
162.7360429763794,0.15000000000000002,115,0.9372554656675376,348.4879625843363
163.99825239181519,0.10000000000000002,116,0.8655846419020072,348.53727094677305
165.27887535095215,0.15000000000000002,117,0.6994538920944258,349.05294234359053
166.60051941871643,0.10000000000000002,118,1.1084709661204823,349.5783707882007
168.2111954689026,0.1,119,0.9684160912607626,349.89751267173915
169.7899477481842,0.1,120,0.8546195907643843,350.5148861764249
171.42503356933594,0.1,121,0.8465948841726588,350.8083081818944
172.97504115104675,0.1,122,1.1297754044493846,351.1860982458191
174.2696783542633,0.1,123,1.0027088930059573,351.72839162913937
175.5590796470642,0.1,124,0.7561552338679305,351.918348428135
176.82920050621033,0.1,125,0.7773364278743512,351.8453090073683
178.07141542434692,0.15000000000000002,126,0.7262637781481953,351.9771635702483
179.3494963645935,0.10000000000000002,127,1.0506883140649073,352.5391754566706
180.61854600906372,0.1,128,0.8615208877119261,352.8997095521397
181.89513659477234,0.15000000000000002,129,0.7489967809303366,353.6334197935498
183.4279589653015,0.2,130,1.0494530910481978,353.59886207247115
185.1457986831665,0.15000000000000002,131,0.7058417551691586,353.9113135971263
186.6711459159851,0.2,132,0.6384235454244396,353.9799448532378
188.29652762413025,0.15000000000000002,133,0.7872671016769904,354.0012626445654
189.78627610206604,0.10000000000000002,134,0.8280064292483852,354.192031891386
191.0989842414856,0.15000000000000002,135,0.6779823363690173,354.29408716910234
192.35094046592712,0.10000000000000002,136,0.7390333626556707,354.20699911077065
193.61079454421997,0.1,137,1.0554236795186853,354.4328770373772
194.8947730064392,0.15000000000000002,138,0.7900021001247715,354.0888566781369
196.1572299003601,0.2,139,0.7664932623307505,354.44142099458355
197.45919704437256,0.25,140,0.6415354633408537,354.47625183534984
198.83985686302185,0.2,141,0.6315926123497406,354.27192722091127
200.5439429283142,0.15000000000000002,142,0.7444354232777265,354.2632283417868
202.1489963531494,0.10000000000000002,143,0.7423996731824875,354.3750295032945
203.64429473876953,0.1,144,0.9459396894552462,354.4426438191038
205.11521220207214,0.1,145,0.722998975983262,354.53031809771426
206.37891626358032,0.1,146,0.7718447841977658,354.26819332492755
207.58912110328674,0.15000000000000002,147,0.6473121157686427,354.71853193643904
208.82783365249634,0.2,148,0.6999266762053051,354.67678696740165
210.11018109321594,0.25,149,1.0124311795981566,354.87619986187667
211.39342284202576,0.2,150,0.7418799299327741,355.1246661087748
212.61538672447205,0.15000000000000002,151,0.7016997783179881,355.097373667242
213.89680457115173,0.10000000000000002,152,0.7847955267123794,354.94300507848266
215.46511268615723,0.15000000000000002,153,0.6290689698560509,354.88157485072816
217.13070487976074,0.2,154,0.9685960752776352,354.81109550105253
218.75655722618103,0.15000000000000002,155,0.6925116271224251,354.76934915331293
220.3732306957245,0.2,156,0.7036005708197102,354.5561509355513
221.78930854797363,0.15000000000000002,157,0.6678276001741343,354.53204461772236
223.00857543945312,0.10000000000000002,158,0.7481274527712951,354.28391291107755
224.24170231819153,0.15000000000000002,159,0.7292605508051466,354.2889471809885
225.49179697036743,0.10000000000000002,160,0.6894982812398173,354.1969210888739
226.7340807914734,0.15000000000000002,161,0.5446278850107191,353.9694801342542
227.9840211868286,0.2,162,0.9118120797878836,354.11549906727697
229.25953006744385,0.25,163,0.6368268991075918,353.9501608446958
230.68523359298706,0.2,164,0.7836608461446587,354.02461023439776
232.3274211883545,0.15000000000000002,165,0.6243766400946209,354.117801294707
233.81163787841797,0.10000000000000002,166,0.6548882329345178,354.35702532128636
235.3363561630249,0.15000000000000002,167,0.6694801249728373,354.41116974570696
237.02534246444702,0.2,168,0.709377507952971,354.3886115933073
238.3066897392273,0.25,169,0.6616977280283369,354.4903981324511
239.59213590621948,0.2,170,0.7816872972674183,354.6046528206066
240.86550998687744,0.15000000000000002,171,0.49812877990082055,354.572374720315
242.14617085456848,0.10000000000000002,172,0.7312882805918213,354.5929281997749
243.37717509269714,0.15000000000000002,173,0.49117537208355594,354.5327419901137
244.6808795928955,0.2,174,0.5550404910733876,354.40301372627204
245.93302965164185,0.15000000000000002,175,0.6778852913686626,354.50589600087113
247.46441650390625,0.10000000000000002,176,0.619850451756106,354.7351110191758
249.02970600128174,0.15000000000000002,177,0.6534600373993291,354.70440955290667
250.57473921775818,0.2,178,0.6894861785375077,354.69280224803407
252.22052669525146,0.15000000000000002,179,0.7004260090843168,354.8533242182683
253.60306024551392,0.10000000000000002,180,0.6514734463882997,355.02345075400945
254.89684104919434,0.1,181,0.6963123465864237,355.11697626344454
256.1802501678467,0.1,182,0.5985950225808981,355.2554313245627
257.4929189682007,0.15000000000000002,183,0.6571900116506308,355.1945047164186
258.73513627052307,0.10000000000000002,184,0.5342506422519715,355.13086156822214
260.0171320438385,0.1,185,0.6370960990455095,354.90789033544695
261.25802206993103,0.1,186,0.7160734587946147,355.0523582585887
262.59717750549316,0.1,187,0.6657039196697228,354.986091300318
264.2312366962433,0.15000000000000002,188,0.7140369217930511,355.15438737798496
265.7947952747345,0.10000000000000002,189,0.5945531204072694,355.1663110482092
267.2325687408447,0.1,190,0.6046087790356861,355.3003178929911
268.765282869339,0.1,191,0.4583850398998116,355.49158820492596
270.0790033340454,0.1,192,0.585545623931483,355.62169334273597
271.34185433387756,0.1,193,0.5543457051516988,355.65995959338807
272.5837953090668,0.1,194,0.5288012933588291,355.793770350357
273.8641691207886,0.15000000000000002,195,0.5660664293805133,356.0350734914049
275.147958278656,0.10000000000000002,196,0.6511586011533262,356.3057668736448
276.390291929245,0.15000000000000002,197,0.5288150325041789,356.1328040259569
277.63290143013,0.10000000000000002,198,0.5793346607751816,356.15392006977675
279.1440188884735,0.1,199,0.5200249608132074,356.01355162210734
280.77001547813416,0.15000000000000002,200,0.725509996206104,355.9619141776743
282.2759335041046,0.10000000000000002,201,0.5742090292655371,355.881205750248
283.7608160972595,0.15000000000000002,202,0.4803025786344233,355.85495174978945
285.24772334098816,0.10000000000000002,203,0.5585345647234614,356.0266114366952
286.540256023407,0.15000000000000002,204,0.6954081020806339,356.07206379905625
287.87414813041687,0.10000000000000002,205,0.48091325121657225,356.1718951492908
289.12688755989075,0.15000000000000002,206,0.47958205940722226,356.24153690825113
290.3948554992676,0.10000000000000002,207,0.6256261099531467,356.199069394588
291.6615171432495,0.15000000000000002,208,0.47789975999524203,356.40546187974496
293.0517292022705,0.10000000000000002,209,0.48577696526795267,356.15581572805183
294.42022252082825,0.15000000000000002,210,0.5106394192439867,356.1319957188316
296.015506029129,0.10000000000000002,211,0.45027165003582625,356.16874768659346
297.6389946937561,0.1,212,0.5821788814202576,356.187114923042
299.2455654144287,0.1,213,0.514129034924932,356.29895718749975
300.7989945411682,0.1,214,0.44731297675341175,356.3170731463069
302.1078450679779,0.1,215,0.48237324420023475,356.23940051791374
303.371018409729,0.1,216,0.5091514047549507,356.15807071512603
304.63104820251465,0.15000000000000002,217,0.4877139735969013,356.33186425084284
305.87187123298645,0.2,218,0.5235030577892457,356.46566369687133
307.13437008857727,0.15000000000000002,219,0.6742892272124459,356.46810621245623
308.38493156433105,0.2,220,0.5293853007804961,356.2555496610728
309.6456742286682,0.15000000000000002,221,0.4178554334752362,356.32214963357677
311.06500458717346,0.10000000000000002,222,0.5285809040573504,356.1984397000465
312.85137152671814,0.15000000000000002,223,0.5294175485795204,356.2848539849606
314.4478008747101,0.10000000000000002,224,0.5297469552536591,356.35621537746215
315.9831371307373,0.1,225,0.44926797958423403,356.4086353898966
317.44701313972473,0.1,226,0.4166158753040291,356.39727146724624
318.7290437221527,0.15000000000000002,227,0.4615594314206909,356.4055980385568
320.0200266838074,0.2,228,0.5237026434167034,356.4240696094464
321.2717773914337,0.25,229,0.5526597959773352,356.5174278827642
322.50951385498047,0.2,230,0.5218017033377922,356.4022884977107
323.7732000350952,0.15000000000000002,231,0.5138128040779869,356.1811351819438
325.05653977394104,0.2,232,0.5386490797778271,355.9369780607324
326.3238024711609,0.15000000000000002,233,0.5244816402647158,355.89348497769095
327.94583559036255,0.2,234,0.5626839302767055,356.02203520954686
329.44117546081543,0.25,235,0.4252072507684816,356.1365565635198
330.9578607082367,0.2,236,0.4815944038168434,356.0608912735032
332.5363254547119,0.25,237,0.6346974860254715,355.8001575564798
333.9482583999634,0.3,238,0.5405434254618511,355.7946834151551
335.17747497558594,0.25,239,0.4797523750793812,355.75198324784355
336.49824953079224,0.2,240,0.43769751298411863,355.4519968476309
337.7694020271301,0.25,241,0.5548705243020807,355.5246996585137
339.0499563217163,0.3,242,0.41111031547471255,355.58796999805344
340.37296175956726,0.25,243,0.4309699469714342,355.6473748223735
341.676230430603,0.3,244,0.4356990470565143,355.6348080644946
343.0952887535095,0.25,245,0.5099445481713035,355.60796232419307
344.6882483959198,0.2,246,0.5876799973985423,355.5145495476801
346.20257782936096,0.15000000000000002,247,0.46914807226933786,355.48166666603106
347.77878618240356,0.10000000000000002,248,0.4583050461694357,355.65195588130405
349.29823756217957,0.1,249,0.36110969314738517,355.8173036075105
350.539986371994,0.15000000000000002,250,0.49788208898966396,355.849797006208
351.80227160453796,0.10000000000000002,251,0.5535737206718814,355.95979492981746
353.0825443267822,0.1,252,0.5633904579504556,355.93195447335137
354.34370279312134,0.15000000000000002,253,0.42183132748775226,356.1023729055775
355.6777095794678,0.2,254,0.4415665739671841,356.0224644303715
356.96828150749207,0.25,255,0.47342301494347366,356.1334794285395
358.28014063835144,0.2,256,0.41282957634124307,356.16157158353053
359.9120047092438,0.25,257,0.5063062980373976,356.17064655621834
361.4380190372467,0.3,258,0.4150118571442286,356.15492033243544
362.9536669254303,0.25,259,0.3954277863151208,356.4225127718589
364.47623920440674,0.2,260,0.421790722549909,356.41877552611936
365.862069606781,0.25,261,0.3771859865787501,356.47424164998256
367.1438682079315,0.3,262,0.4312871474142054,356.4262931046641
368.41255831718445,0.25,263,0.4496986379138573,356.0662343305617
369.6662657260895,0.2,264,0.3910907697748155,356.02853253870643
370.9402198791504,0.15000000000000002,265,0.3342796125861314,355.68875625870635
372.24339056015015,0.10000000000000002,266,0.3699527127197666,355.73014922308835
373.50562739372253,0.1,267,0.4669510632424941,355.79504491710816
374.9161059856415,0.1,268,0.4555310130657901,355.7437297109078
376.6316924095154,0.15000000000000002,269,0.44893082947895174,355.77078970616145
378.2526717185974,0.2,270,0.4040568585817029,355.89050202211337
379.8114559650421,0.15000000000000002,271,0.4445358840479379,355.9294637679257
381.32737278938293,0.10000000000000002,272,0.44337767971522124,356.06376304964186
382.57039642333984,0.15000000000000002,273,0.42806444302360325,355.8907055723003
383.8310024738312,0.2,274,0.38187841155800556,356.00603085796666
385.1165623664856,0.15000000000000002,275,0.42334915333101925,355.88170949544633
386.3869893550873,0.2,276,0.3725184703754364,355.8257710802684
387.648220539093,0.25,277,0.47474329359196127,355.9720546397346
388.8908905982971,0.3,278,0.4029334416430522,355.8431473279933
390.1711721420288,0.35,279,0.45851443437740935,355.8669508846768
391.7699701786041,0.39999999999999997,280,0.4424145581361928,355.8526942074616
393.3970296382904,0.44999999999999996,281,0.43511153977505107,355.8669190815954
394.9829604625702,0.39999999999999997,282,0.3981909372360226,355.8781556940766
396.5387189388275,0.44999999999999996,283,0.4665082728789719,355.99833112153846
397.8992455005646,0.39999999999999997,284,0.474806302264618,356.1087677206901
399.1478080749512,0.35,285,0.34629755135851353,356.01129864996796
400.4610502719879,0.39999999999999997,286,0.4660540263381173,355.9908100313329
401.7247633934021,0.35,287,0.5093882552408397,356.3050278270309
402.95531463623047,0.39999999999999997,288,0.46239868189880645,356.38178305309
404.2157680988312,0.35,289,0.5466086196111236,356.49505382778386
405.4896011352539,0.3,290,0.40600441788627306,356.83180239686
406.8525347709656,0.25,291,0.5090212390994284,356.7456858873679
408.5263657569885,0.2,292,0.3660423031537571,356.6366712605234
410.0702075958252,0.15000000000000002,293,0.42673510546244364,356.66409338062886
411.59652757644653,0.2,294,0.3683606649330628,356.8682504790634
413.13189816474915,0.15000000000000002,295,0.42656255735258714,357.04511236171317
414.41295051574707,0.10000000000000002,296,0.46854225058518645,357.17681383058715
415.6928424835205,0.15000000000000002,297,0.3997977314337362,357.447798794274
416.94543290138245,0.2,298,0.44193451056884925,357.469920774754
418.2693440914154,0.15000000000000002,299,0.45809065848858727,357.58280756525727
419.51082253456116,0.10000000000000002,300,0.43377019874192263,357.41833477481276
420.8017611503601,0.15000000000000002,301,0.3864533417659708,357.38446374235843
422.0967769622803,0.10000000000000002,302,0.45742581397045495,357.58332697180674
423.6687488555908,0.1,303,0.3582052683561209,357.30196786577295
425.25410532951355,0.1,304,0.5148559793361315,357.1997518866061
426.7415087223053,0.1,305,0.4786609197673378,357.14243477307565
428.2496621608734,0.15000000000000002,306,0.4773519151085194,357.1642448698951
429.67476081848145,0.2,307,0.49900079067407815,357.37026012177733
430.9554560184479,0.15000000000000002,308,0.41560249190362936,357.5079238934128
432.2113881111145,0.10000000000000002,309,0.36376790543841675,357.67741439615924
433.523854970932,0.15000000000000002,310,0.40651536639445374,357.6116055887492
434.79561710357666,0.2,311,0.43795422318121763,357.6925337231815
436.0454213619232,0.15000000000000002,312,0.38499491693825627,357.68546427291903
437.3281455039978,0.2,313,0.38779688924724187,357.9315977252984
438.6781213283539,0.15000000000000002,314,0.390737249867611,358.10018348290834
440.2747938632965,0.2,315,0.35596735137332053,358.6279409991845
441.84044766426086,0.25,316,0.45456306305390204,358.6727778377379
443.3266396522522,0.3,317,0.35914239166078893,358.6423142294758
444.81184124946594,0.35,318,0.39975036552611537,358.4711492299303
446.143657207489,0.39999999999999997,319,0.4116722519031133,358.3392978563001
447.38713359832764,0.35,320,0.39931703798225926,358.2934612723926
448.71151328086853,0.39999999999999997,321,0.4163920543130441,358.38710218693757
449.9845640659332,0.44999999999999996,322,0.4263256348162752,358.44714140494676
451.2540557384491,0.49999999999999994,323,0.39892260381394246,358.7300706036913
452.5179214477539,0.5499999999999999,324,0.41603910394403726,358.79544924415524
453.81982946395874,0.6,325,0.38563254445457923,358.8853689572293
455.2694237232208,0.5499999999999999,326,0.4521495806376709,359.05738834256726
456.8755991458893,0.6,327,0.34964402957201496,359.03786805061065
458.412540435791,0.6,328,0.370219766437675,359.0700981174915
460.03990173339844,0.5499999999999999,329,0.36019776942614323,358.8897872794767
461.46418809890747,0.6,330,0.4721802920058925,359.0124794296745
462.73617029190063,0.6,331,0.46267285911671435,359.1524409617141
463.97702407836914,0.6,332,0.46519067407053605,359.2972829150315
465.2497675418854,0.5499999999999999,333,0.4447403654021123,359.2957257776824
466.48214173316956,0.6,334,0.44704457842947126,359.18183588645695
467.79359793663025,0.5499999999999999,335,0.381260932281655,359.3846043670827
469.0513708591461,0.49999999999999994,336,0.4458751556624282,359.60946246031045
470.3832507133484,0.44999999999999996,337,0.40180780669601823,359.64759311660606
471.9465687274933,0.49999999999999994,338,0.5143474039619281,359.5118146749633
473.5886104106903,0.5499999999999999,339,0.39293763494611667,359.39964905077164
475.22666931152344,0.6,340,0.41423740216846633,359.28752076843915
476.7618339061737,0.5499999999999999,341,0.4680935876098403,359.3792445924007
478.09539127349854,0.49999999999999994,342,0.49602469113433517,359.20379257160357
479.35114073753357,0.44999999999999996,343,0.4150610324698647,359.230443087184
480.6137783527374,0.49999999999999994,344,0.44180218389938075,358.79964981636675
481.8946604728699,0.44999999999999996,345,0.5493124018507338,358.6399918319834
483.21759057044983,0.49999999999999994,346,0.4195781678060528,358.56757554860314
484.52983379364014,0.5499999999999999,347,0.40113700056239754,358.5440041702947
485.85250902175903,0.6,348,0.4509279778450219,358.47635447716357
487.31688594818115,0.6,349,0.4519970084332575,357.92941626463636
488.9939124584198,0.5499999999999999,350,0.5223967753026892,358.1234675510123
490.495139837265,0.49999999999999994,351,0.4141073069444373,357.7533836454045
491.98346996307373,0.5499999999999999,352,0.5906145484204451,357.37410296793814
493.5582866668701,0.6,353,0.4590631619274169,357.13248410070065
494.85079646110535,0.5499999999999999,354,0.4449412986844242,357.42464251350384
496.124351978302,0.6,355,0.5121328193674459,357.0915310834317
497.43035531044006,0.6,356,0.41187570197070367,357.1814543088606
498.718332529068,0.5499999999999999,357,0.433249030335601,356.9248998808819
500.01121711730957,0.49999999999999994,358,0.4456885181806472,356.8868557036177
501.2654798030853,0.44999999999999996,359,0.4328491702246312,356.48592006065724
502.57533502578735,0.39999999999999997,360,0.4423683404000826,356.7595537082836
504.1787929534912,0.44999999999999996,361,0.456280997153231,356.51293018382154
505.7675540447235,0.49999999999999994,362,0.5018908805520191,356.2627910159104
507.2425718307495,0.44999999999999996,363,0.6322357544204852,356.25172555721673
508.82897686958313,0.49999999999999994,364,0.5403634952848156,356.1122143874431
510.2250497341156,0.5499999999999999,365,0.4309161104170913,355.9570008005625
511.51603507995605,0.6,366,0.42226661675134924,356.0533830283654
512.8185379505157,0.5499999999999999,367,0.5057817138086873,356.122461985733
514.0813834667206,0.49999999999999994,368,0.6020381616281176,356.325961607103
515.4058182239532,0.44999999999999996,369,0.5333604662567196,356.61797249616086
516.6552064418793,0.49999999999999994,370,0.5225734567142516,356.73038654236416
517.9270622730255,0.44999999999999996,371,0.397515031346887,356.7331468555027
519.3779559135437,0.49999999999999994,372,0.5021940342685499,356.63830312194784
521.0192391872406,0.44999999999999996,373,0.47215972831970426,356.61151271264345
522.5360276699066,0.49999999999999994,374,0.4044718795484335,356.54993811778183
524.0324041843414,0.44999999999999996,375,0.48959471996605497,356.6375136450271
525.4757659435272,0.49999999999999994,376,0.506255316242836,356.58789446163746
526.746514081955,0.44999999999999996,377,0.4209872186931863,356.56159751924133
528.0614531040192,0.49999999999999994,378,0.47885300344937576,356.82391709400855
529.3622844219208,0.5499999999999999,379,0.4263570811676064,356.63172278422667
530.6970992088318,0.49999999999999994,380,0.40564602765095736,356.3322465427916
531.9992260932922,0.44999999999999996,381,0.5154525050158524,356.1431291266184
533.2580115795135,0.49999999999999994,382,0.5381097091302127,356.28813750538114
534.6100554466248,0.44999999999999996,383,0.44528078274272387,356.33231715271484
536.3015811443329,0.39999999999999997,384,0.45463621798731146,356.10371508220624
537.7968604564667,0.35,385,0.48951365172383643,355.8208877916022
539.341536283493,0.39999999999999997,386,0.5238724986397492,355.47541406614124
540.9438545703888,0.35,387,0.5256980803414609,355.4997156848039
542.2369093894958,0.3,388,0.529649331938105,355.74164687811935
543.4668533802032,0.25,389,0.5562092183321774,355.75750316554064
544.7908172607422,0.2,390,0.4031498370596881,356.02017937910705
546.0420589447021,0.15000000000000002,391,0.441609791561826,356.079417852775
547.3045492172241,0.10000000000000002,392,0.42061986400676893,356.4331947212632
548.5469434261322,0.1,393,0.4357225204818099,356.41508204601837
549.7894222736359,0.1,394,0.46320274554149854,356.6989741487951
551.1904556751251,0.15000000000000002,395,0.4891921939553699,356.5235845178906
552.843230009079,0.2,396,0.406470456904153,356.31158304176336
554.3376839160919,0.25,397,0.5055178283225492,356.16513420794564
555.9033496379852,0.3,398,0.43301400733601847,356.19853810724203
557.3868339061737,0.35,399,0.5030058305116146,356.6334676846686
558.6310544013977,0.39999999999999997,400,0.4020787097091062,356.53971684584525
559.924280166626,0.44999999999999996,401,0.4074075090436848,357.00730461663477
561.2189030647278,0.49999999999999994,402,0.36239138326110976,357.4465568279665
562.5294032096863,0.5499999999999999,403,0.3568319036486999,357.92655647518296
563.7838320732117,0.6,404,0.39364803436723383,357.9481623373984
565.0859224796295,0.5499999999999999,405,0.3008725690718402,358.4238170339441
566.4687221050262,0.49999999999999994,406,0.38368296208533553,358.3993611540965
568.1013951301575,0.44999999999999996,407,0.4701583798867043,358.7711353017904
569.9555058479309,0.39999999999999997,408,0.37165786036294823,358.4931221892793
571.4511866569519,0.35,409,0.4483127590428945,358.89547202676727
573.0772888660431,0.39999999999999997,410,0.3212849433156955,358.87559938559855
574.4209215641022,0.35,411,0.4513487649656923,359.0786217681679
575.7017509937286,0.3,412,0.521340852803404,359.3700695795909
576.9858665466309,0.35,413,0.4453150187802226,359.13186200801994
578.2548687458038,0.3,414,0.3832380461640058,359.18270081907605
579.5195400714874,0.35,415,0.5569701477717015,359.3049236504337
580.7794275283813,0.39999999999999997,416,0.4760319457519346,359.1957949879302
582.0348000526428,0.35,417,0.3915851645849022,359.1550999112361
583.5761291980743,0.3,418,0.4004216450257161,359.1302601139565
585.2698347568512,0.35,419,0.3327560151712914,359.1027494737025
586.7695004940033,0.39999999999999997,420,0.4763405262083614,359.05141717298824
588.2668092250824,0.44999999999999996,421,0.4185964313115518,359.01528460958906
589.6789600849152,0.39999999999999997,422,0.41510419962646716,359.0952482217539
590.9120848178864,0.44999999999999996,423,0.3466401226926509,359.16697564320884
592.2283680438995,0.49999999999999994,424,0.3847405364888774,359.1851914920943
593.5395929813385,0.5499999999999999,425,0.4023086288992057,359.0981306242718
594.8318777084351,0.49999999999999994,426,0.4607557723701408,359.14843289771795
596.1040210723877,0.5499999999999999,427,0.40312734329009503,359.28182249011826
597.3760459423065,0.49999999999999994,428,0.39657813883917814,359.2543985383392
598.703510761261,0.5499999999999999,429,0.49368580870385603,359.26042065838925
600.3191497325897,0.6,430,0.4361928372892184,359.7090030083957
601.8921415805817,0.6,431,0.3812027316405461,360.0881476806869
603.5909743309021,0.6,432,0.5117826169641274,359.63121453432956
605.1541850566864,0.5499999999999999,433,0.49308234985662125,359.7640262021255
606.458173751831,0.49999999999999994,434,0.4713899571564773,360.0063868934139
607.6988544464111,0.44999999999999996,435,0.4806352419938526,359.9023485390689
608.989563703537,0.39999999999999997,436,0.4446943348390045,360.2327906821491
610.2612223625183,0.35,437,0.5910972644819326,360.3198430779762
611.4999644756317,0.39999999999999997,438,0.49408197358267014,360.2790521387005
612.7916312217712,0.44999999999999996,439,0.5239046270001675,360.4377431312812
614.1106359958649,0.49999999999999994,440,0.51385259593371,360.2763622923926
615.6096744537354,0.44999999999999996,441,0.48643329853841627,360.2354715528395
617.2352643013,0.39999999999999997,442,0.4239878704363257,360.3012660864681
618.827588558197,0.44999999999999996,443,0.4755558315912043,360.07750279800996
620.3647646903992,0.39999999999999997,444,0.46470145608416996,359.7772088108724
621.7783002853394,0.44999999999999996,445,0.47051367367243796,360.0683779221914
623.0823411941528,0.39999999999999997,446,0.34065655717655646,360.3046007218867
624.4080917835236,0.44999999999999996,447,0.44941542010982677,359.9451962935332
625.7067844867706,0.49999999999999994,448,0.5300836077015292,359.632967134764
626.9470665454865,0.5499999999999999,449,0.441777342891403,359.5886158065374
628.2320580482483,0.49999999999999994,450,0.5969552272791601,359.68320630863775
629.4912140369415,0.44999999999999996,451,0.43909702818786106,359.5267503873929
630.8755292892456,0.49999999999999994,452,0.512343486278128,359.3465483431194
632.4766929149628,0.44999999999999996,453,0.5884883168385389,359.22846680318094
633.9646272659302,0.49999999999999994,454,0.4344682995378311,359.0780543485537
635.5312056541443,0.44999999999999996,455,0.45955256620210044,358.9400450065987
637.1062567234039,0.49999999999999994,456,0.42706292234071885,358.9506000766903
638.3896827697754,0.44999999999999996,457,0.4997679535519429,358.726047574229
639.6509346961975,0.39999999999999997,458,0.4745126223577231,358.9023793236409
640.9149725437164,0.35,459,0.5721848766919664,358.78709983782244
642.1467173099518,0.3,460,0.645112894077759,358.7139602321684
643.4001739025116,0.35,461,0.40620992963814767,358.7058749827075
644.6826648712158,0.39999999999999997,462,0.5493037410442321,358.3808499308091
645.9855999946594,0.44999999999999996,463,0.4747427151236005,358.72066831086966
647.3866884708405,0.39999999999999997,464,0.4985937889089914,358.6983073221184
648.9988470077515,0.44999999999999996,465,0.44454005344015285,358.5653524349933
650.4724042415619,0.49999999999999994,466,0.6105444272907298,358.5568713076293
652.0617983341217,0.5499999999999999,467,0.5391822887949583,358.4759215140694
653.712694644928,0.49999999999999994,468,0.37526084545149446,358.39348786591296
655.0566821098328,0.44999999999999996,469,0.5464735508424261,358.3174447855069
656.3257532119751,0.39999999999999997,470,0.419877059889399,358.22616799276443
657.6497054100037,0.35,471,0.5693874918014392,358.17049313065417
658.8729133605957,0.39999999999999997,472,0.4366551694284249,358.14530558105923
660.1458578109741,0.35,473,0.5181024133745732,358.0646046745153
661.4380733966827,0.39999999999999997,474,0.38576729761751344,357.9285848605679
662.7785942554474,0.44999999999999996,475,0.47927285886007587,358.07059809979734
664.3522114753723,0.39999999999999997,476,0.5238271840474085,358.0010853416012
665.8676223754883,0.44999999999999996,477,0.5011927384025916,358.04383445249766
667.3821260929108,0.39999999999999997,478,0.468403649229188,358.0014441391441
668.9415946006775,0.35,479,0.38504683110988575,358.24139041317045
670.2826750278473,0.3,480,0.5540622558776327,358.2258325228949
671.57484126091,0.25,481,0.3870429553301721,358.04092048604167
672.8467338085175,0.3,482,0.4495178185145036,358.38554911906175
674.117406129837,0.25,483,0.4123217312873977,358.3766324662497
675.3375391960144,0.3,484,0.45381242411593903,358.4848270280114
676.6179647445679,0.25,485,0.3182204421741762,358.86030294318584
677.888839006424,0.3,486,0.40384382438851085,358.7536358460144
679.2880125045776,0.35,487,0.3464223594438836,358.77409557089186
680.8823885917664,0.3,488,0.3919419680549088,358.7335748340922
682.4772970676422,0.35,489,0.39297160643931794,358.61124996893284
683.9789900779724,0.39999999999999997,490,0.4546906810308804,358.64819831708024
685.5251309871674,0.35,491,0.33560903023055916,358.6232644191685
686.7939615249634,0.39999999999999997,492,0.34574785590177226,358.4799377299127
688.1177701950073,0.44999999999999996,493,0.3492723719053421,358.6688308850403
689.3876514434814,0.49999999999999994,494,0.3417987813344862,359.15071160390966
690.6817281246185,0.5499999999999999,495,0.3700115076623273,359.173859802662
691.9718265533447,0.6,496,0.3579761361249964,359.1743887484721
693.2927808761597,0.5499999999999999,497,0.4511494300186141,359.602142557553
694.6531457901001,0.49999999999999994,498,0.36839178129466243,359.84165806843026
696.2246263027191,0.44999999999999996,499,0.3872918208405696,359.8964859230774
697.77392411232,0.49999999999999994,500,0.37189097895606976,359.92813332089287
699.308310508728,0.44999999999999996,501,0.41651943665466107,360.1167142369499
700.8366100788116,0.49999999999999994,502,0.4022721111520564,360.020089851854
702.1664614677429,0.5499999999999999,503,0.3062014380858448,360.08899522272003
703.4781816005707,0.6,504,0.35876913662430515,360.28465758797086
704.7719302177429,0.5499999999999999,505,0.36700010489916723,360.35621414645885
706.0649747848511,0.6,506,0.40950411338336573,360.3291264340397
707.2853662967682,0.5499999999999999,507,0.29066395652158383,360.4485148175928
708.65407371521,0.6,508,0.39336864557058193,360.57332266010883
709.9171898365021,0.5499999999999999,509,0.3624153363794974,360.6519766088833
711.3182761669159,0.49999999999999994,510,0.41552224099230084,360.79874473633333
712.9224820137024,0.5499999999999999,511,0.3813485992332312,360.9124592310594
714.4481143951416,0.49999999999999994,512,0.41772133052299176,361.3039496385048
715.9327886104584,0.44999999999999996,513,0.4542082260502953,361.29344816728167
717.4177579879761,0.49999999999999994,514,0.3636840805171321,361.4611559502303
718.7405498027802,0.44999999999999996,515,0.4460910171616863,361.6108704085166
720.0441954135895,0.49999999999999994,516,0.3734938670524939,361.73305514515624
721.338662147522,0.44999999999999996,517,0.3306937973899147,361.89599007525453
722.6332423686981,0.39999999999999997,518,0.37492387659661114,362.0050131023473
723.9360802173615,0.35,519,0.37776472794599836,362.0859567788331
725.199875831604,0.3,520,0.305259536257841,362.27195994939166
726.5608332157135,0.35,521,0.3636146700583408,362.3377486235274
728.1262876987457,0.39999999999999997,522,0.3256571087121204,362.3349864459246
729.6190273761749,0.35,523,0.3797012553705068,362.3241440199565
731.3212265968323,0.39999999999999997,524,0.36706392590009534,362.32479014873593
732.7873020172119,0.35,525,0.3835860318323719,362.2788648327907
734.1726410388947,0.3,526,0.3733242370757139,362.33398802270034
735.4350814819336,0.35,527,0.3526759083252743,362.2440652122117
736.7083745002747,0.39999999999999997,528,0.3876699419413415,362.2045496075968
737.9865653514862,0.35,529,0.46232017766901023,362.3459376085468
739.2273921966553,0.39999999999999997,530,0.32886545473977635,362.3707167207563
740.5285115242004,0.35,531,0.3962786695320838,362.4705370716931
741.7999176979065,0.3,532,0.3305687119635964,362.6057378401492
743.1819190979004,0.25,533,0.38883683345479214,362.6459138567913
744.8968448638916,0.2,534,0.35691097989892423,362.6348548720172
746.5696847438812,0.25,535,0.41779156270742995,362.68995682536973
748.0961425304413,0.3,536,0.4224449151304735,362.811096389456
749.6983845233917,0.35,537,0.3528497065622091,362.7698841511165
750.9497723579407,0.39999999999999997,538,0.34815913391039155,362.7317316260697
752.2310910224915,0.44999999999999996,539,0.3453905371730642,362.7111311174509
753.4995353221893,0.49999999999999994,540,0.3077197482966784,362.8275386283807
754.7826654911041,0.5499999999999999,541,0.33895793225805193,362.7943202414355
756.0463120937347,0.6,542,0.3188024414021112,362.7427049783151
757.3089427947998,0.5499999999999999,543,0.3748517051693029,362.75145296741766
758.6496493816376,0.6,544,0.36580158974916777,362.34603315618153
760.1929748058319,0.6,545,0.3025139765401576,362.3201242902285
761.7876052856445,0.6,546,0.3940042651915775,362.2693361165872
763.2884922027588,0.5499999999999999,547,0.2923637614292791,362.2647127805915
764.8342883586884,0.6,548,0.3044682863554572,362.0303234185472
766.2430393695831,0.6,549,0.35142284965112025,361.6541060736584
767.4945733547211,0.6,550,0.3525729254506142,361.33899759534523
768.8059771060944,0.6,551,0.35443869835434055,361.1965616344367
770.1055536270142,0.6,552,0.3635377137825981,361.1811571460322
771.3671445846558,0.5499999999999999,553,0.319387597209352,361.07978732212416
772.6055319309235,0.49999999999999994,554,0.39166680627692674,360.8678387524272
773.8609402179718,0.44999999999999996,555,0.301175655522014,360.6793348818145
775.25310587883,0.49999999999999994,556,0.3544190751783365,360.58735776021524
776.8461983203888,0.44999999999999996,557,0.3068297216255054,360.5533770953326
778.3596880435944,0.49999999999999994,558,0.28882070457151215,360.56263818187364
779.9676759243011,0.5499999999999999,559,0.3688007009135175,360.60334211800927
781.5300602912903,0.6,560,0.33279449390208427,360.53073205043665
782.8141858577728,0.5499999999999999,561,0.3069996786443594,360.57137021089113
784.0773413181305,0.49999999999999994,562,0.34807894449461657,360.4987615575474
785.3296504020691,0.44999999999999996,563,0.34997777996498425,360.4761956069231
786.5805304050446,0.39999999999999997,564,0.3300682672898799,360.389879078885
787.8732562065125,0.44999999999999996,565,0.4371118857753002,360.3596764322515
789.1139285564423,0.39999999999999997,566,0.41655090613636947,360.2819632271179
790.3860549926758,0.44999999999999996,567,0.2891504648946276,360.1787450598489
791.9193913936615,0.39999999999999997,568,0.39148095932571986,360.18879316295823
793.4974281787872,0.35,569,0.29201603015051636,360.11272466953267
795.1073951721191,0.3,570,0.3543159732981949,360.00387332119715
796.6337454319,0.35,571,0.5006664129590532,360.00929385955976
798.0383794307709,0.3,572,0.4110105294214428,360.0881497319522
799.3090114593506,0.35,573,0.3916066282884756,360.1294173190535
800.6019048690796,0.3,574,0.3795911111156419,360.24462174595953
801.9059960842133,0.35,575,0.4093980876662955,360.2134046122112
803.2199919223785,0.39999999999999997,576,0.34365113992937835,360.27750921033106
804.500773191452,0.35,577,0.33666738872949903,360.2189603637134
805.856856584549,0.39999999999999997,578,0.3152236577134591,360.27858818527574
807.2486650943756,0.35,579,0.3021937441220125,359.9506694274226
809.0330636501312,0.39999999999999997,580,0.43311621877746564,359.94082593601996
810.6713032722473,0.44999999999999996,581,0.44219851712636044,359.9182214255736
812.1682169437408,0.39999999999999997,582,0.33633296765435106,359.8617535245361
813.7425656318665,0.44999999999999996,583,0.292358479249991,359.8607833013994
814.9949178695679,0.39999999999999997,584,0.46213382288219557,359.8932813329626
816.2786619663239,0.44999999999999996,585,0.35160205576479414,359.688048113978
817.5272159576416,0.39999999999999997,586,0.3295019810809384,359.6061411322216
818.8194131851196,0.35,587,0.4873151463648151,359.6038937741123
820.0738573074341,0.39999999999999997,588,0.3531726741163844,359.52149921434386
821.3354649543762,0.44999999999999996,589,0.39324182018771264,359.421335551919
822.6763062477112,0.39999999999999997,590,0.43041628741828,359.3219067733637
824.2384402751923,0.44999999999999996,591,0.4020938956930059,359.44827059628966
825.87282538414,0.49999999999999994,592,0.39578937216636706,359.4784762440328
827.4316821098328,0.44999999999999996,593,0.4194638798449997,359.28227120995894
829.0266547203064,0.39999999999999997,594,0.47647777926450374,359.5846943443726
830.3427729606628,0.35,595,0.3672222599194259,359.3404402960203
831.6022367477417,0.39999999999999997,596,0.2748853246523854,359.2985995648926
832.903751373291,0.44999999999999996,597,0.34747646976592866,359.1072854060334
834.2227804660797,0.49999999999999994,598,0.4223950919429232,359.16053400056444
835.4651248455048,0.5499999999999999,599,0.35540281575310695,359.2301278503528
836.805615901947,0.49999999999999994,600,0.3107692626773813,359.2898102259774
838.0888974666595,0.5499999999999999,601,0.3153830373462686,359.4395372943468
839.5487911701202,0.6,602,0.34209215027122747,359.6799677893343
841.1723937988281,0.5499999999999999,603,0.35369420404879237,359.56906488221153
842.6545970439911,0.6,604,0.35194969157364814,359.70277933023533
844.2688856124878,0.6,605,0.3702802898933405,359.9006808764706
845.7240166664124,0.6,606,0.36791103256575636,360.03374351246674
846.985431432724,0.5499999999999999,607,0.38546793690100994,360.07836664058624
848.2669696807861,0.49999999999999994,608,0.26364573880422404,360.0641134943632
849.5586597919464,0.44999999999999996,609,0.33842647623177874,360.13594383904825
850.8388886451721,0.39999999999999997,610,0.33769264120012354,360.23640654222004
852.1094450950623,0.35,611,0.37100511620356963,360.1620221100719
853.3783197402954,0.39999999999999997,612,0.3053401604045718,360.1937116650269
854.6980283260345,0.44999999999999996,613,0.2990755990510997,360.25143052491427
856.3001797199249,0.49999999999999994,614,0.4012039449018892,360.3003017900001
857.8962817192078,0.44999999999999996,615,0.29056490721231343,360.2486634838985
859.4123792648315,0.49999999999999994,616,0.3533309690623053,360.2470560429308
860.9663586616516,0.44999999999999996,617,0.3097712000723273,360.28621692784014
862.2868964672089,0.39999999999999997,618,0.28060735624503674,360.3632497216461
863.5686223506927,0.44999999999999996,619,0.32179706632379956,360.3803986795049
864.818666934967,0.39999999999999997,620,0.38824533282420426,360.41271470596445
866.1296074390411,0.44999999999999996,621,0.3957988058317124,360.4680683115797
867.40083360672,0.39999999999999997,622,0.3996967012319639,360.43302067125086
868.6432604789734,0.44999999999999996,623,0.3605494793463633,360.39662670875396
869.9565613269806,0.39999999999999997,624,0.3337998858116966,360.3970171310269
871.4076755046844,0.35,625,0.3289712588354852,360.502988990263
873.0099306106567,0.3,626,0.3540674669797114,360.41461126179564
874.5623965263367,0.25,627,0.45621074223308744,360.47935355640357
876.1294486522675,0.3,628,0.3468566150648561,360.4394379345486
877.573187828064,0.35,629,0.32532254492293583,360.72717969072204
878.8372895717621,0.39999999999999997,630,0.32106841383517926,360.681832488657
880.0823941230774,0.35,631,0.3739705303229142,360.6598038457352
881.3639295101166,0.3,632,0.3209892019715687,360.72639415249097
882.7054238319397,0.25,633,0.34410183760200713,360.64576096225255
883.9777505397797,0.2,634,0.42165540400939633,360.6988460306001
885.2402906417847,0.25,635,0.29452816141106675,360.79541894341776
886.5926463603973,0.3,636,0.3804537145822665,360.91649650676266
888.3053624629974,0.35,637,0.3536438198013087,360.87000875278596
889.8606088161469,0.39999999999999997,638,0.3080409500807559,360.9922388218305
891.375412940979,0.35,639,0.326680513431475,361.1875695946346
892.9029538631439,0.3,640,0.4605079435833391,361.1571429749082
894.22434425354,0.25,641,0.27962260105327785,361.15260636924836
895.5268046855927,0.3,642,0.34214335075434776,361.19562688915954
896.8088986873627,0.35,643,0.38517999730552765,361.3868830753261
898.0704538822174,0.3,644,0.3464091837151154,361.39209740933836
899.3613591194153,0.25,645,0.40500917765075795,361.6259995005657
900.6208634376526,0.3,646,0.3798893544697433,361.7653229793766
901.8892760276794,0.35,647,0.28970802116314964,362.07103986886983
903.3321409225464,0.39999999999999997,648,0.3243735255694154,362.3917248361711
905.0053126811981,0.44999999999999996,649,0.3512981726142034,362.7674276776735
906.6553881168365,0.49999999999999994,650,0.32069840895692625,363.0684984680707
908.2387614250183,0.5499999999999999,651,0.290295393481646,362.95744966821627
909.8142335414886,0.49999999999999994,652,0.2940066819031924,362.8755842000218
911.0745692253113,0.44999999999999996,653,0.31969484969108647,363.10130955334716
912.3540029525757,0.39999999999999997,654,0.2711979263646301,363.12050465615124
913.618599653244,0.44999999999999996,655,0.39251755045024883,363.06721787626964
914.9410593509674,0.39999999999999997,656,0.3205984741526676,363.17471220646127
916.2444095611572,0.44999999999999996,657,0.3142925407866297,363.24667810487495
917.4940810203552,0.39999999999999997,658,0.3154394960171179,363.3251084229302
918.8859794139862,0.35,659,0.2772631008390574,363.24544658180616
920.6222455501556,0.3,660,0.5018790224591535,363.15781261464423
922.1598312854767,0.35,661,0.29755989877741185,363.21484535941215
923.6798615455627,0.39999999999999997,662,0.3665198286103687,363.2317395683913
925.2560939788818,0.35,663,0.29695963921829327,363.31860450196837
926.5886380672455,0.3,664,0.3675138659189592,363.30847257049754
927.8512041568756,0.25,665,0.40763500434240135,363.36963524110325
929.0910956859589,0.3,666,0.3754102319779434,363.4296905753366
930.3465209007263,0.35,667,0.3309848967460841,363.4905371037338
931.6088404655457,0.39999999999999997,668,0.34323381993519897,363.5012719005848
932.89825963974,0.44999999999999996,669,0.31120030141248284,363.57411681448576
934.1716170310974,0.39999999999999997,670,0.3478851018602357,363.65402131930654
935.6309876441956,0.44999999999999996,671,0.2971179766972629,363.71282815671907
937.2846372127533,0.39999999999999997,672,0.3011769048539809,363.3862826997306
938.8082871437073,0.44999999999999996,673,0.38448549226782464,363.48626003706204
940.3777961730957,0.49999999999999994,674,0.32006691638778095,363.5608110183603
941.9399802684784,0.5499999999999999,675,0.27942972412091055,363.1967443166705
943.2635862827301,0.6,676,0.3516945617911945,363.2233308962124
944.4947130680084,0.5499999999999999,677,0.40792090000796,363.2634378937294
945.7839095592499,0.6,678,0.3804420556553251,363.31380885238303
947.016273021698,0.6,679,0.3136453047985681,363.2898085587425
948.3027846813202,0.5499999999999999,680,0.28233829208478917,363.342624987225
949.6153848171234,0.49999999999999994,681,0.37262989746398156,363.4448655637292
950.9923086166382,0.5499999999999999,682,0.35832818989807275,363.2148778195674
952.6510343551636,0.6,683,0.38782458540429177,363.34527531856844
954.1869597434998,0.5499999999999999,684,0.3521818571927717,363.32586652246056
955.8315327167511,0.49999999999999994,685,0.4766679086505472,363.1459336743067
957.3416435718536,0.5499999999999999,686,0.31879392518650657,363.09944637853766
958.6474087238312,0.49999999999999994,687,0.3595658359272381,363.26244583098475
959.9230916500092,0.44999999999999996,688,0.3339540325490122,363.22734381203225
961.219245672226,0.39999999999999997,689,0.3454633605729319,363.20040080523285
962.5173442363739,0.44999999999999996,690,0.36027291069119877,363.2654179859416
963.8087086677551,0.39999999999999997,691,0.3530116412571479,363.2856060879115
965.1814224720001,0.35,692,0.3876202743420491,363.32396548205196
966.4928545951843,0.3,693,0.3523639260552997,363.0890676739159
967.9875814914703,0.35,694,0.3297352733962258,362.80788608868386
969.5464458465576,0.39999999999999997,695,0.3298798686493246,362.5818400567335
971.1474757194519,0.35,696,0.36975967562150724,362.62920066769686
972.7248368263245,0.3,697,0.3289112579474841,362.5918317209591
974.1096725463867,0.35,698,0.34529925311870524,362.49001945194686
975.4027345180511,0.3,699,0.3814371507704401,362.13830610478277
976.6738035678864,0.25,700,0.33350994007739804,361.8701501814645
978.0058207511902,0.3,701,0.3458342023170535,361.6340026747267
979.2643947601318,0.25,702,0.39020035290197724,361.3615607455012
980.637149810791,0.2,703,0.5459355869612857,361.07488947143304
981.9066469669342,0.15000000000000002,704,0.3733343575434844,360.82327889023594
983.3252329826355,0.2,705,0.32737010584398646,360.85588594726016
984.9555172920227,0.15000000000000002,706,0.30093364608794126,360.8522257854615
986.9273655414581,0.2,707,0.3040618374005217,360.7624993980249
988.7133159637451,0.15000000000000002,708,0.3197976407243154,360.69368946294543
990.1446125507355,0.10000000000000002,709,0.36598096592430174,360.7444497130941
991.4139180183411,0.1,710,0.32782087483846356,360.8333466634411
992.7247629165649,0.1,711,0.34754705118793944,360.52735387117434
994.0560142993927,0.15000000000000002,712,0.33182698003524075,360.5807506371556
995.3959698677063,0.10000000000000002,713,0.31067889780517854,360.54899959365275
996.6672537326813,0.1,714,0.35443468023613955,360.59844366945003
998.0117752552032,0.1,715,0.28132170180860483,360.6042617830632
999.4198172092438,0.1,716,0.3522348261255589,360.620478901562
1001.1582026481628,0.1,717,0.4103740159292874,360.6251679757477
1002.805150270462,0.15000000000000002,718,0.31433672815984665,360.6551820954279
1004.3700046539307,0.10000000000000002,719,0.37096447638324304,360.287985560887
1005.8414380550385,0.15000000000000002,720,0.26739440285892835,359.9474392296483
1007.1049902439117,0.10000000000000002,721,0.26555567862836443,359.5013835362009
1008.3655323982239,0.1,722,0.30690560279652707,359.8060038150879
1009.778923034668,0.15000000000000002,723,0.30934189953868996,359.74962397492743
1011.0815496444702,0.10000000000000002,724,0.35294717439315965,359.65903145439233
1012.3527796268463,0.15000000000000002,725,0.3365082454328702,360.030155684101
1013.7919080257416,0.10000000000000002,726,0.3127143477135358,360.0771701640959
1015.1832542419434,0.1,727,0.3373923768528101,360.1480312027022
1016.9496757984161,0.15000000000000002,728,0.2854678019804687,360.0691457346342
1018.4737153053284,0.10000000000000002,729,0.24263253405737295,360.1135000959573
1020.0770106315613,0.15000000000000002,730,0.2706731460658413,360.05854946799775
1021.6008207798004,0.10000000000000002,731,0.3217226091826125,359.9786597472872
1022.8631765842438,0.1,732,0.27362548070029064,359.8987553622174
1024.1336750984192,0.1,733,0.29198625382224874,359.806006254587
1025.465218782425,0.1,734,0.2817987235866604,359.44699069368426
1026.7751927375793,0.15000000000000002,735,0.3173875192339101,359.7518424813254
1028.0550651550293,0.2,736,0.3149506773390777,359.70341534890656
1029.3254387378693,0.25,737,0.24555710919232926,359.30342678972096
1030.7059123516083,0.3,738,0.2515129597879811,359.36298824356584
1032.284960269928,0.35,739,0.3205710317352339,359.4353447686419
1033.8984174728394,0.3,740,0.39126928995895527,359.4008832648997
1035.4458138942719,0.35,741,0.3933123930804652,359.03953867276374
1036.9883017539978,0.39999999999999997,742,0.3046912183762952,358.68854342680856
1038.3317663669586,0.35,743,0.29021818194813626,358.93778227033937
1039.6021509170532,0.3,744,0.29516311570088594,358.96161562707937
1040.8836081027985,0.35,745,0.3767339013410168,359.180704852729
1042.1462543010712,0.39999999999999997,746,0.3551564186992516,359.2268346685776
1043.448546409607,0.35,747,0.3022055888460557,359.19952837068394
1044.769954919815,0.3,748,0.25372981641555836,358.87622145171537
1046.0807359218597,0.25,749,0.23185707630012348,359.1817107164181
1047.591922044754,0.2,750,0.23785628900041678,359.20789004671076
1049.2975664138794,0.25,751,0.29079597576444083,359.5704435706559
1050.7949664592743,0.3,752,0.3380712874267865,359.97537160163773
1052.4004487991333,0.35,753,0.36524676968148573,360.3327382099137
1053.8824496269226,0.39999999999999997,754,0.2635032584755364,360.5876717256717
1055.2030515670776,0.35,755,0.37822959841356274,360.4960138093959
1056.4977390766144,0.3,756,0.29314384038622665,360.4690549090221
1057.7890677452087,0.25,757,0.3263114452864936,360.5121455767094
1059.0292406082153,0.2,758,0.2573050362194848,360.5957806651067
1060.3251659870148,0.15000000000000002,759,0.24178636733680667,360.44151698011433
1061.6765847206116,0.2,760,0.30109883743281646,360.42649451233103
1063.065910100937,0.25,761,0.28511829387523013,360.6826911781999
1064.6839003562927,0.3,762,0.2977824658592162,360.5999717494795
1066.231567621231,0.35,763,0.33520216519645696,360.55703100270387
1067.8502514362335,0.39999999999999997,764,0.272316223828463,360.5793144397758
1069.384816646576,0.35,765,0.33048849711061845,360.62432743674987
1070.6779217720032,0.3,766,0.3088268245909058,360.5650844984732
1072.0215923786163,0.25,767,0.3001105863907355,360.5268215666658
1073.3773319721222,0.3,768,0.25396078696940816,360.4704467105475
1074.6364216804504,0.35,769,0.3422888574856776,360.8957943939121
1075.9290573596954,0.39999999999999997,770,0.33236346779568554,361.266528306041
1077.2502226829529,0.44999999999999996,771,0.3212246560251572,361.7023165362305
1078.5523030757904,0.49999999999999994,772,0.30837817930510236,361.7566395126643
1080.1441740989685,0.44999999999999996,773,0.33215056399511,361.77142159157955
1081.6511011123657,0.39999999999999997,774,0.29599497649055884,361.7472227631203
1083.156940460205,0.35,775,0.29624033201457023,361.44111049556454
1084.6677777767181,0.39999999999999997,776,0.35206508470434705,361.0600731431197
1086.050407409668,0.35,777,0.31648362432415006,360.7049732107618
1087.3539910316467,0.3,778,0.2773204484336405,360.41444230341796
1088.6350722312927,0.35,779,0.3945665142299963,360.34258415221353
1089.9297139644623,0.3,780,0.24113628078736266,360.0971136854625
1091.1917400360107,0.35,781,0.3237876534790466,360.0966522173221
1092.4843790531158,0.39999999999999997,782,0.3039721765836022,360.3386214821371
1093.816201210022,0.35,783,0.4099313416984833,360.359149685496
1095.2148945331573,0.3,784,0.3465162930280471,360.4346467438533
1097.0126287937164,0.35,785,0.2865755154261408,360.1210824116404
1098.659690618515,0.39999999999999997,786,0.32750003255235643,359.87893878544673
1100.2658290863037,0.35,787,0.31832856202643717,359.8333903601386
1101.8184723854065,0.3,788,0.29026194204871214,359.83402671164384
1103.0885083675385,0.35,789,0.32382623978772435,359.7354913909494
1104.4279668331146,0.3,790,0.3214548733136284,359.4280968911908
1105.769098520279,0.25,791,0.24827990453316354,359.4889165281682
1107.0405960083008,0.3,792,0.3578983965846123,359.5123964285597
1108.350774526596,0.25,793,0.3408957745530528,359.5089655939079
1109.6042029857635,0.3,794,0.2684732443492895,359.8549848053241
1110.9538655281067,0.35,795,0.24517394886294683,359.6175056139005
1112.5384719371796,0.39999999999999997,796,0.3888422040128931,359.5686201238301
1114.1270015239716,0.44999999999999996,797,0.28676619287411836,359.3003824520308
1115.7438497543335,0.39999999999999997,798,0.3413943559637574,359.59269334594
1117.3438391685486,0.35,799,0.2932371340011213,359.3376826588221
1118.634931564331,0.3,800,0.3103910992809775,359.3191675034185
1119.8980252742767,0.35,801,0.32601085169932287,358.981431331295
1121.1436173915863,0.39999999999999997,802,0.24492079965428548,358.58573419445725
1122.417598247528,0.35,803,0.32036735348114603,358.2021953831147
1123.6778736114502,0.3,804,0.3292359017211437,357.91709255814226
1125.0020525455475,0.35,805,0.3555150120852523,357.9667398670064
1126.3131008148193,0.39999999999999997,806,0.24730005651533146,357.90007551327835
1127.8324935436249,0.35,807,0.36700698736913423,357.60212551775
1129.4364790916443,0.39999999999999997,808,0.42603777650189906,357.25911372547375
1130.998515367508,0.44999999999999996,809,0.3457192351801786,357.4387176975804
1132.5607392787933,0.49999999999999994,810,0.36830745619744837,357.1272328657976
1133.994192123413,0.5499999999999999,811,0.2981879404573051,357.1520736775393
1135.2319238185883,0.6,812,0.40330805242201545,357.15300659936224
1136.524020433426,0.5499999999999999,813,0.27421066995482013,357.23499567199246
1137.8530850410461,0.49999999999999994,814,0.27211443777063926,356.89789872804636
1139.125596523285,0.5499999999999999,815,0.30535112246731144,356.84695169120164
1140.4501028060913,0.6,816,0.30697404913143944,356.6169875724634
1141.7530527114868,0.6,817,0.3494179010063636,356.2713852823303
1143.1319754123688,0.5499999999999999,818,0.3241527941951937,356.2236252341744
1144.8591523170471,0.6,819,0.3021477299237168,356.0797085834342
1146.37633395195,0.5499999999999999,820,0.2628215307480467,356.01333426977135
1147.9186189174652,0.49999999999999994,821,0.26714083693567253,355.62374538510835
1149.4940576553345,0.44999999999999996,822,0.2616822167831418,355.54111101066616
1150.7667963504791,0.39999999999999997,823,0.29232384585428617,355.55703048950113
1152.0378186702728,0.35,824,0.35254704733931147,355.55718562920214
1153.299148797989,0.39999999999999997,825,0.28674215435265565,355.51457218372775
1154.6173853874207,0.35,826,0.33209549915299735,355.59686168155633
1155.9187335968018,0.39999999999999997,827,0.37036306809257397,355.89679574763016
1157.2381777763367,0.35,828,0.23328487683412474,356.14721369818506
1158.4987890720367,0.39999999999999997,829,0.2803693862870471,355.8009309792987
1160.1379551887512,0.35,830,0.30135635010365147,356.16115500800095
1161.6903290748596,0.39999999999999997,831,0.2890976250203901,356.16008874215674
1163.221333026886,0.44999999999999996,832,0.31275966380071474,355.831167855952
1164.7571835517883,0.49999999999999994,833,0.30930756424508327,355.86568887987386
1166.1313762664795,0.5499999999999999,834,0.3244527710556257,356.14104805415263
1167.3798563480377,0.49999999999999994,835,0.286257559609651,356.16693788373067
1168.645998954773,0.5499999999999999,836,0.40175160309584984,356.53854518981626
1169.9592049121857,0.49999999999999994,837,0.34013345863376776,356.48766530137857
1171.199646472931,0.5499999999999999,838,0.27113434563263045,356.1687192839769
1172.4535615444183,0.6,839,0.33388306908486054,356.15201035275794
1173.7070474624634,0.6,840,0.3635747244828363,356.5042051765542
1175.0813014507294,0.5499999999999999,841,0.4100471539933145,356.7816188371149
1176.7116434574127,0.6,842,0.267721727709324,356.9072039001336
1178.289407491684,0.5499999999999999,843,0.2144167714109285,356.9472250405239
1179.8077480793,0.49999999999999994,844,0.2761117125487451,356.8172452076604
1181.3207952976227,0.5499999999999999,845,0.313040967745946,357.08585412975384
1182.6340429782867,0.49999999999999994,846,0.3007590929360203,357.0684372430297
1183.905373096466,0.5499999999999999,847,0.32115584281929005,356.97836569848505
1185.1560685634613,0.49999999999999994,848,0.3520199914240275,357.0284142090293
1186.4493794441223,0.5499999999999999,849,0.32735868697334425,357.2767871088134
1187.7420964241028,0.6,850,0.2810089925746559,357.5276383727455
1189.0027089118958,0.5499999999999999,851,0.4690808935990393,357.7531238154934
1190.27418923378,0.6,852,0.325517208534402,358.0484716511665
1191.8420968055725,0.6,853,0.296824168792969,358.41967545342237
1193.55349111557,0.6,854,0.3551341841185548,358.6634380216326
1195.2088470458984,0.5499999999999999,855,0.2762698155934351,358.4461711764205
1196.7364547252655,0.49999999999999994,856,0.26486123077783563,358.08324593296265
1198.1518113613129,0.44999999999999996,857,0.277375587672245,358.02924336185106
1199.4341640472412,0.49999999999999994,858,0.34363266307902446,358.01361904500186
1200.765606880188,0.44999999999999996,859,0.3170852510479255,357.9603487421383
1202.049931049347,0.49999999999999994,860,0.32571152615111887,358.33351141372304
1203.3100316524506,0.44999999999999996,861,0.33256656166086335,358.39340667050203
1204.6256356239319,0.49999999999999994,862,0.3526511494141777,358.159010694858
1205.9001672267914,0.44999999999999996,863,0.40713988879015856,357.8967075680949
1207.3110492229462,0.49999999999999994,864,0.24586538873929964,358.18505257027215
1209.0778551101685,0.5499999999999999,865,0.2963699004065262,358.2842213303424
1210.6738939285278,0.6,866,0.28991527681524276,358.6000203197496
1212.318946838379,0.5499999999999999,867,0.29478738200871496,358.9927591565218
1213.89777302742,0.6,868,0.2659590715338402,359.07079136760194
1215.1989314556122,0.5499999999999999,869,0.4551859642185609,358.9135964752006
1216.4900574684143,0.49999999999999994,870,0.32436633047146796,358.607683649118
1217.8093767166138,0.5499999999999999,871,0.3502562607572541,358.87523380438535
1219.1133811473846,0.49999999999999994,872,0.3338078851668037,358.9875844216071
1220.4024696350098,0.44999999999999996,873,0.27588073421619125,358.661701127753
1221.646781206131,0.39999999999999997,874,0.34451530403739233,358.46245463011275
1222.976770401001,0.44999999999999996,875,0.3781193329026478,358.75807591671526
1224.5882539749146,0.49999999999999994,876,0.3080730579065687,358.8125866369318
1226.101884841919,0.5499999999999999,877,0.26939770031346144,358.493921429552
1227.6779947280884,0.6,878,0.3340990899467176,358.64052988345094
1229.3463759422302,0.5499999999999999,879,0.3190881142550705,359.07208342130843
1230.6413278579712,0.49999999999999994,880,0.37744779610020374,358.9347372160398
1231.9226319789886,0.5499999999999999,881,0.25389583233014806,358.9611239719884
1233.247593164444,0.49999999999999994,882,0.36009954189048127,359.13094712667777
1234.5596523284912,0.5499999999999999,883,0.31962054604105555,358.78637290148987
1235.87468624115,0.6,884,0.372631384557221,358.85683165919954
1237.183233499527,0.6,885,0.3470471034598135,358.8895305815895
1238.457011461258,0.6,886,0.41116938749094045,358.4920252517219
1239.967375278473,0.5499999999999999,887,0.24232154522283417,358.86106872893544
1241.6849682331085,0.49999999999999994,888,0.3166760718575373,358.88537360294094
1243.322633266449,0.44999999999999996,889,0.3798367285558814,358.95006570329036
1244.9789006710052,0.49999999999999994,890,0.23634414503172757,358.65025097890276
1246.419813632965,0.5499999999999999,891,0.2831969316100899,358.42401365738993
1247.7959506511688,0.49999999999999994,892,0.21639722176476642,358.467384316904
1249.0558533668518,0.5499999999999999,893,0.2511765233293738,358.1672683876205
1250.3106694221497,0.49999999999999994,894,0.27413335663666083,357.9962387565863
1251.582643032074,0.44999999999999996,895,0.2971382823725231,357.7038055202867
1252.84543800354,0.49999999999999994,896,0.353057585573454,357.6600148329547
1254.1265528202057,0.44999999999999996,897,0.2908369886452876,357.99780137181074
1255.5593404769897,0.49999999999999994,898,0.32984001117770495,357.69673247371014
1257.1751897335052,0.44999999999999996,899,0.2857253495148179,357.4970696777247
1258.7499315738678,0.49999999999999994,900,0.3425085196899631,357.42253677808685
1260.3125488758087,0.5499999999999999,901,0.3925996389930527,357.16168050317646
1261.858148097992,0.6,902,0.32211979908923555,357.1537760265096
1263.1690990924835,0.6,903,0.34849979925724817,357.10540714567753
1264.4184565544128,0.6,904,0.34502075556688727,356.953776740179
1265.7310481071472,0.5499999999999999,905,0.2748592408594467,356.9647775166152
1267.0241031646729,0.49999999999999994,906,0.38953627503165655,357.2666185106147
1268.2967643737793,0.5499999999999999,907,0.36541477159940267,357.52266158962414
1269.5977721214294,0.49999999999999994,908,0.32828722427837964,357.5656599161641
1270.9741604328156,0.44999999999999996,909,0.30237960006949127,357.3402941252243
1272.666659116745,0.39999999999999997,910,0.3843797432590946,357.03662154859506
1274.2535219192505,0.35,911,0.3422601600795874,356.81469509777065
1275.760523557663,0.39999999999999997,912,0.3312747995944364,356.820689651577
1277.3293335437775,0.44999999999999996,913,0.2750081876247141,357.0428125755284
1278.687564611435,0.39999999999999997,914,0.3295540365372437,356.89601955503736
1279.9220654964447,0.35,915,0.30166742421530224,356.6141080646253
1281.238533258438,0.39999999999999997,916,0.32336924489007346,356.4323669622674
1282.4926126003265,0.35,917,0.32562130664869715,356.3787122787562
1283.7749574184418,0.3,918,0.36761413726427944,356.2536701099469
1285.025506734848,0.35,919,0.3417143165004103,356.18778599417584
1286.295389175415,0.39999999999999997,920,0.36397907807595536,356.21986875118046
1287.7780747413635,0.44999999999999996,921,0.32496474828216415,356.24082657476106
1289.4735012054443,0.39999999999999997,922,0.31327456582180646,355.9456862688078
1291.0718615055084,0.35,923,0.3326660984748623,355.9207891140341
1292.7252571582794,0.39999999999999997,924,0.3717695864365878,355.89338465689696
1294.0994319915771,0.35,925,0.38025197092118496,355.58348991185215
1295.371066570282,0.3,926,0.4017573216768269,355.5144141009157
1296.6314146518707,0.35,927,0.3174771831153519,355.5551009162298
1297.9294180870056,0.39999999999999997,928,0.32371962513648606,355.38546558403266
1299.1490728855133,0.35,929,0.2861426942589923,354.95543875418565
1300.4720447063446,0.39999999999999997,930,0.3326998285716899,354.7421530904231
1301.7605431079865,0.35,931,0.31236203427377407,354.5247208853273
1303.1094770431519,0.39999999999999997,932,0.2742215832804039,354.72034047859745
1304.854385137558,0.44999999999999996,933,0.2751182125791944,354.81399910557985
1306.4514682292938,0.39999999999999997,934,0.3463847220144887,354.79376190334517
1308.0279116630554,0.35,935,0.3173686599730619,355.1083804189865
1309.6649506092072,0.3,936,0.3024592954558846,355.18490879221264
1310.938678264618,0.35,937,0.3884685463395493,355.23492425487836
1312.2188160419464,0.3,938,0.36675752390449723,355.50039757666707
1313.487018585205,0.25,939,0.3104701632752211,355.15529219849464
1314.7171082496643,0.3,940,0.2515556144568832,355.1437818036528
1316.0393431186676,0.35,941,0.34931655991258903,355.0555326345839
1317.2951126098633,0.3,942,0.297415025478535,355.01355023381785
1318.5689368247986,0.25,943,0.3688638200168387,355.03122289932224
1320.0994560718536,0.2,944,0.30787727828346184,355.12141650885053
1321.7474014759064,0.15000000000000002,945,0.2918867413252299,355.4372214724995
1323.2724797725677,0.2,946,0.32651981148338927,355.2571006232436
1324.8144235610962,0.15000000000000002,947,0.31840257206087,355.14761842694696
1326.2351009845734,0.2,948,0.35751938999451194,355.5203439509592
1327.5093982219696,0.15000000000000002,949,0.31354684447737724,355.81194297298657
1328.8698410987854,0.10000000000000002,950,0.28694376395375043,355.6480792941709
1330.1950855255127,0.1,951,0.3705102816386596,356.0358564995415
1331.4488699436188,0.1,952,0.27216612958111713,355.72602267786266
1332.732074022293,0.1,953,0.32791535928563925,355.75931555824815
1334.0653767585754,0.1,954,0.2671357721964734,355.69619516896995
1335.5064361095428,0.1,955,0.33932108966830316,355.95733519684904
1337.2824685573578,0.15000000000000002,956,0.28483734682574724,356.13071850528917
1338.9086649417877,0.2,957,0.25088339992899245,356.2322154062974
1340.5734522342682,0.15000000000000002,958,0.19672730065849015,356.5076959281474
1342.0347929000854,0.2,959,0.296159881650359,356.69427129421905
1343.350929260254,0.25,960,0.350861142143983,356.88284996789645
1344.6237707138062,0.3,961,0.2976045709974509,356.7702567744096
1345.9134225845337,0.25,962,0.2733741251005142,356.6851403921366
1347.2187705039978,0.3,963,0.32744602880425205,356.6056849704941
1348.589819431305,0.35,964,0.30253357053406127,356.4678839496955
1349.9058587551117,0.39999999999999997,965,0.3691712837097539,356.38487002923017
1351.2552123069763,0.35,966,0.35605259927008515,356.6042821262699
1352.8765318393707,0.3,967,0.2883163410434498,356.35058449649057
1354.3936920166016,0.25,968,0.36772098402089026,356.3359003683625
1355.9280796051025,0.3,969,0.2466892392192422,356.2875454038978
1357.490882396698,0.35,970,0.2773584489520645,356.2394016165326
1358.8020269870758,0.3,971,0.4295366939965433,356.2374267712975
1360.0616509914398,0.35,972,0.27606050683117134,356.27757403007183
1361.4105172157288,0.3,973,0.24689175823356518,356.6557171544322
1362.7205574512482,0.25,974,0.29970138796623114,356.9114173937701
1364.040375471115,0.3,975,0.26118523106100683,356.9378961940612
1365.2941975593567,0.25,976,0.3637135892797656,356.8778684181361
1366.5515897274017,0.3,977,0.24852477588722693,357.06893679147305
1368.0956661701202,0.25,978,0.301284957837855,356.8780229551632
1369.6604328155518,0.3,979,0.2921244990035584,356.98244977451446
1371.2745282649994,0.35,980,0.3309735163333435,356.9746663396464
1372.9255430698395,0.39999999999999997,981,0.34090411492988204,357.1514411463231
1374.3695931434631,0.44999999999999996,982,0.3049996968035967,356.8461776591266
1375.7025005817413,0.49999999999999994,983,0.298001038718659,357.05793352488604
1377.0044708251953,0.44999999999999996,984,0.3199503820642458,356.71384725898105
1378.3277037143707,0.49999999999999994,985,0.2936215493126199,356.41021417673323
1379.6109385490417,0.5499999999999999,986,0.325231506167284,356.3740655457232
1380.904049873352,0.6,987,0.2834567423696979,356.37681311608134
1382.1554448604584,0.6,988,0.25538825722260095,356.0180981422768
1383.5489592552185,0.6,989,0.30585787832939404,356.27896294485816
1385.1697673797607,0.5499999999999999,990,0.2692495383472542,356.54549834490115
1386.8182842731476,0.6,991,0.3161487941401177,356.8478400362643
1388.3912801742554,0.6,992,0.3371533405855226,356.762399599974
1389.9097211360931,0.6,993,0.2351208374377538,357.0412466132132
1391.201905488968,0.6,994,0.40938516316170526,357.2295888121885
1392.4947407245636,0.6,995,0.299932395126815,356.9878594686078
1393.7946314811707,0.5499999999999999,996,0.4490186570274724,356.9232619473612
1395.0997262001038,0.49999999999999994,997,0.29557318650025916,356.9440123699431
1396.4484372138977,0.5499999999999999,998,0.3321483568781699,356.9820883824811
1397.779761314392,0.49999999999999994,999,0.2882315113131892,356.8670561544296
1399.1349818706512,0.5499999999999999,1000,0.2648608904720861,356.8210820999817
