total_time,mean_int_reward,ep_rew_mean,total timesteps,num_episodes,entropy_loss,intrinsic_loss,total_loss,policy_gradient_loss,value_loss
0.5168437957763672,0.0,-137.3652467,1024,20,,,,,
1.7858750820159912,0.0,-140.4309878,2048,40,-1.4098005555570126,0.20310880558099598,2.0135092197196314,-0.0027246311911627717,1.914679448120296
3.05576753616333,0.0,-137.02115331999997,3072,60,-1.3882926758378744,0.03150462907797191,0.8631456048072401,-0.0035266753863575106,0.8509199656546116
4.096018075942993,0.0,-128.83003656,4096,80,-1.3567957766354084,0.007187048595369561,0.5031456341358562,-0.010824576392130456,0.5103766862303019
5.114799499511719,0.0,-122.82240572,5120,100,-1.3356611020863056,0.0033267220114794327,0.40427497839573123,-0.0028923657537255057,0.40550398314371705
6.129350662231445,0.0,-117.77663110000002,6144,120,-1.3224484417587519,0.00189022908671177,0.393544083791583,-0.004532115216263288,0.3971310844644904
7.1899168491363525,0.0,-113.09235742000001,7168,140,-1.30441833473742,0.0015373101505247178,0.31825867148194287,-0.004196636547987284,0.3216866529546678
8.229411840438843,0.100650355,-108.90204836,8192,160,-1.282997878268361,0.0007797200100867485,0.34580497194083626,-0.0025831839748636037,0.34799829591065645
9.408960580825806,0.42825267,-105.85669864000002,9216,184,-1.2710389494895935,15.342170096933842,8.040502522041534,-0.002628964471186893,0.37204643804579973
10.47283387184143,0.5392053,-104.15848515999998,10240,204,-1.2588225100189447,76.4632465839386,38.52745435101613,-0.008465959982200174,0.30429701902903616
11.56993818283081,0.34394878,-100.51974688,11264,224,-1.2434918768703938,116.6800285577774,58.64898515149202,-0.00942182907652274,0.3183927016798407
12.682735919952393,0.23212373,-96.20510917999998,12288,244,-1.2291107699275017,49.15553334355354,24.86338324650762,-0.004355960603677231,0.2899725353345275
13.867914915084839,0.16857503,-94.68224604000001,13312,264,-1.2114637326449156,17.0632993131876,8.839891684705268,-0.0011052046922349276,0.30934723280370235
15.084944009780884,0.1667811,-92.8836548,14336,284,-1.1902389731258154,6.998065482825041,3.7893717721197477,-0.008245258443085591,0.29858428915031254
16.26355504989624,0.09312017,-89.45586607999999,15360,304,-1.1698743794113398,5.844297770410776,3.2020038577694514,-0.0021231528870692875,0.28197812545113266
17.331403255462646,0.06183303,-85.28260191999999,16384,324,-1.1546772196888924,1.6259264275431633,1.085914616906881,-0.003137823691726228,0.2760892268270254
18.508514881134033,0.029587984,-86.4795888,17408,348,-1.1463976614177227,1.0156463831663132,0.7512768786738493,-0.005278685212800648,0.24873237230349332
19.663846015930176,0.020917706,-83.75967418,18432,368,-1.1201290246099234,1.335340067744255,0.9191393709949409,-0.0023415833969408625,0.2538109205197543
20.813278436660767,0.007871071,-79.89974338,19456,388,-1.0882854629307985,1.1432093111798167,0.8235113926252675,-0.0030515591593135074,0.2549582961946726
22.105175495147705,0.002753036,-78.76465356,20480,408,-1.0753387305885553,1.1292506167665124,0.7681024166941979,-0.003584874169867344,0.2070619824808091
23.340403079986572,0.0013500409,-76.63362408,21504,428,-1.066386891528964,0.8800158789381385,0.663010304507625,-0.001824543166148925,0.22482690820470452
24.409069061279297,0.00044599082,-71.54657528,22528,448,-1.0443442799150944,0.567749697715044,0.4991416108415184,-0.0031142962078842054,0.21838105819188058
25.519502639770508,7.775246e-05,-69.12625244,23552,468,-1.0250952951610088,0.37315383087843657,0.3676512300376653,-0.0037229610965714625,0.18479727569501847
26.568297863006592,8.0646405e-06,-67.58400032,24576,488,-1.0117574594914913,0.26606489648111165,0.30083519321664737,-0.0015828061496509325,0.1693855511257425
27.620582103729248,6.896791e-07,-68.91249444,25600,512,-1.005105895921588,0.17574878665618598,0.2430111926815096,-0.002733737549502803,0.1578705369029194
28.720210552215576,1.2102828e-07,-67.0738111,26624,532,-0.9916398338973522,0.10690362477907911,0.24578006765574234,-0.003448676209645173,0.19577693147584796
29.893246173858643,7.847328e-08,-63.64300882,27648,552,-0.970206649042666,0.05381103715626523,0.18175630051012853,-0.002585491594404395,0.15743627352640033
31.001365423202515,4.690618e-08,-60.27819934,28672,572,-0.9513343097642064,0.029485736740753055,0.14340898436016145,-0.005437691863749901,0.13410380785353482
32.10490679740906,2.257273e-08,-58.38832358,29696,592,-0.9342319956049323,0.01616861257934943,0.11729420470775617,-0.006701223178500775,0.11591112159658223
33.293641328811646,7.542706e-09,-56.91389353999999,30720,612,-0.9172044703736901,0.012230281281517819,0.0959910358728511,-0.007449511096217138,0.09732540632830933
34.477417945861816,3.0596276e-10,-56.42634978,31744,632,-0.8959627225995064,0.007685716926062014,0.11098861448221323,-0.0013610887090715574,0.10850684472825378
35.562222719192505,3.9417376e-12,-53.9558752,32768,652,-0.8703848887234926,0.005776391877589049,0.10155356838120425,-0.005086712448902112,0.10375208489131182
36.64132046699524,2.2513526e-13,-53.08518480000001,33792,672,-0.8498847894370556,0.0039986700321605895,0.09876679397888521,-0.005364149037685898,0.10213160800049081
37.82704019546509,7.5784653e-13,-53.57603513999999,34816,696,-0.8311522174626589,0.003200783985448652,0.11236972063185088,-0.0024314749974466937,0.11320080363657326
38.91148090362549,3.1261544e-13,-52.67105014,35840,716,-0.8114727670326829,0.0025917485490936087,0.09401022783129948,-0.002412475262294977,0.09512682881904766
40.05810737609863,5.417521e-12,-50.11392412,36864,736,-0.7946151718497276,0.0015578921675114543,0.08865295381961855,0.00030397545639002425,0.0875700322794728
41.204026222229004,1.0891345e-11,-49.41609028,37888,756,-0.7824328662827611,0.0016254257479886292,0.06759213432626551,-0.0066456275972757405,0.07342504904954694
42.27511477470398,3.8011586e-13,-48.381773360000004,38912,776,-0.7661965191364288,0.0009933975125022698,0.07093995762416933,0.001403598361967734,0.06903966050595045
43.434447288513184,1.4141009e-10,-47.5738983,39936,796,-0.7467720471322536,0.0011377255759725813,0.07528313482689838,0.0022144103310011956,0.0724998617079109
44.62286019325256,2.3870836e-13,-45.88543262000001,40960,816,-0.7268057418987155,0.001159668721811613,0.0640160273299624,-0.003995518040646987,0.06743171100970358
45.73190140724182,1.540038e-13,-44.46320471999999,41984,836,-0.702173369936645,0.0009410324646523804,0.05666782472222385,-0.0036026658869037446,0.0597999743768014
46.845118284225464,1.9382223e-13,-42.83278596,43008,860,-0.6818451937288046,0.0007244497737701749,0.05826888823013568,-0.0017170176655651771,0.059623681008815765
47.92983269691467,1.12839784e-13,-41.297606699999996,44032,880,-0.6671880567446351,0.0006832044364273315,0.07176457969036995,-0.00017598136308229315,0.07159895883523859
49.09711313247681,1.2579506e-13,-40.24415738,45056,900,-0.6523094028234482,0.00044861496417070157,0.046053030449521706,-0.00022885867217946505,0.04605758163961582
50.11969447135925,1.4399498e-13,-40.083923920000004,46080,920,-0.6351936822757125,0.0005634295630443376,0.042364200871522414,-0.008911934304999659,0.050994420394999906
51.266435623168945,2.771266e-13,-40.92113286,47104,940,-0.6134635880589485,0.0005029375638514466,0.03888820403685262,-0.0021063757375531724,0.04074311099248007
52.378899335861206,4.0648934e-12,-42.890121900000004,48128,960,-0.5926148239523172,0.0005042424145358382,0.04679503652160562,0.002609948688321275,0.04393296662601642
53.44754886627197,8.3218545e-13,-42.19616508,49152,980,-0.5709806401282549,0.0005356719980227354,0.04183388696491061,-0.0006030665483776382,0.04216911751427688
54.50298833847046,2.1209237e-13,-40.55930262,50176,1000,-0.5551152061671019,0.0004877454402958392,0.05453488534291496,0.005824479025673964,0.048466533597093076
55.60720443725586,3.095768e-13,-39.14658096,51200,1024,-0.550939922221005,0.0004162423601883347,0.05701875402751776,0.004469078184279539,0.05234155466314405
56.67045187950134,1.0436375e-12,-38.33540272,52224,1044,-0.5406066449359059,0.00044844271087640664,0.04760328925095662,-0.0011508832973858487,0.048529951192904264
57.75035285949707,1.8814173e-12,-38.79846418,53248,1064,-0.5267581902444363,0.0004234806251588452,0.042833908363673456,-0.005042231877086469,0.0476643999281805
58.867321252822876,2.0674086e-13,-37.94034372,54272,1084,-0.5192734012380242,0.0003530592430252,0.041728653262072604,-0.0031678743857066942,0.044719998026266694
60.04278564453125,2.8906345e-13,-37.31299454,55296,1104,-0.5150106344372034,0.0003315451851904072,0.034543608102199044,-0.003794118273999549,0.038171953783603385
61.35050392150879,1.2996959e-13,-36.63301732,56320,1124,-0.4975547785870731,0.0003536930119025783,0.04312816529444186,-0.0006847615256818585,0.04363608031417243
62.63690137863159,1.829856e-13,-37.20310454,57344,1144,-0.48892242927104235,0.0002547287513152696,0.033778147116936975,-0.0018448015072857961,0.03549558424856514
63.83632469177246,1.4464695e-11,-35.127284419999995,58368,1164,-0.4713354744017124,0.00024706508315830433,0.03333521827104014,-0.001447669465428945,0.03465935519488994
64.9254412651062,3.3884202e-13,-35.38541726,59392,1184,-0.44930530805140734,0.00035062616711911687,0.038510256188039285,0.0018366147974182708,0.036498328307061456
66.00286197662354,3.1638432e-13,-35.208778499999994,60416,1208,-0.4340916103683412,0.00047023134902701713,0.04759985705351395,0.0008528338992746715,0.04651190747972578
67.11898851394653,1.8162433e-13,-35.45449108,61440,1228,-0.4227688512764871,0.00035249701545581047,0.037828928599749595,-0.005094731406545399,0.04274741149856709
68.2467999458313,2.4152138e-13,-35.57392556,62464,1248,-0.4057061541825533,0.0002985343996897427,0.027705760309601153,-0.007302338298444502,0.034858831408200786
69.33359599113464,1.13608145e-13,-34.25771966,63488,1268,-0.3834974439814687,0.0002847311629921023,0.036502757488617574,0.0036757966121262926,0.03268459529499523
70.3774824142456,1.8730118e-13,-33.18146364,64512,1288,-0.365573076531291,0.00017452335339385172,0.027946776861989285,-0.0034832243014252637,0.03134273948671762
71.48206973075867,2.3516773e-13,-32.993841259999996,65536,1308,-0.34518448915332556,0.00023458900636796898,0.03448007294609019,0.0019156306049497754,0.032447147837956436
72.50623750686646,1.8955941e-13,-32.058884479999996,66560,1328,-0.3249877355992794,0.00022380394329957198,0.02876130080452262,-0.007134848280169681,0.03578424711304251
73.56385564804077,1.436436e-13,-30.27894418,67584,1348,-0.30991123616695404,0.0001809055626154077,0.02508740905143961,-0.0031055472809219074,0.028102503551053815
74.62521052360535,2.571603e-13,-29.453963679999998,68608,1372,-0.3058393094688654,0.00017835595269843907,0.028456160635645114,-0.001363927674159649,0.02973091033345554
75.77551770210266,2.0879083e-13,-30.134485160000004,69632,1392,-0.29159894678741693,0.00016018094743230904,0.03446363986496254,6.909885986333805e-05,0.034314450531383045
76.85417580604553,1.3705882e-13,-29.339167160000002,70656,1412,-0.28129326831549406,0.0001529953907493109,0.02342176505767532,-0.0023384605607233164,0.02568372792302398
77.97255420684814,2.0114329e-13,-29.027536160000004,71680,1432,-0.2729388289153576,0.0001508763763240495,0.03040276057739381,0.002940967029891702,0.027386355359340087
79.05191326141357,1.9096756e-13,-27.48996298,72704,1452,-0.2585762348026037,0.00010600125955306794,0.025764464239589124,0.0013230318201098558,0.024388431789702736
80.13847351074219,1.2075744e-13,-27.919966979999998,73728,1472,-0.24434632156044245,9.88834476061129e-05,0.024948288393351274,0.0014775790690509881,0.02342126760049723
81.2384729385376,1.1664918e-13,-28.494192039999998,74752,1492,-0.2374977022409439,0.00011165469061324984,0.024047990344758456,0.0011318678820265659,0.022860295117425267
82.57693147659302,2.068776e-13,-28.58942952,75776,1512,-0.22968817874789238,0.00015607563420871884,0.02970385472777306,0.002826700605185661,0.02679911630548304
83.58823299407959,1.5421144e-13,-28.906408980000002,76800,1536,-0.22304961550980806,0.00011790376709086559,0.027328092040148813,-0.00028494425929341625,0.027554084415896796
84.69720458984375,1.9603533e-13,-27.47762628,77824,1556,-0.2190320324152708,9.72771563851893e-05,0.031012400433854108,0.0032554144126941595,0.02770834744296735
85.7637107372284,1.3543465e-13,-28.051318660000003,78848,1576,-0.2144757006317377,0.00016912703154048359,0.02870743719866469,0.004872007472573483,0.023750866210320964
86.8465507030487,9.510921e-14,-27.966777619999995,79872,1596,-0.20228087808936834,0.00013130976140018902,0.028445640172048536,0.001488965652196804,0.026891019639151637
87.96189832687378,2.467502e-13,-28.966684579999995,80896,1616,-0.19279322866350412,9.797339464512334e-05,0.01978588151414462,-0.0025386048189032246,0.022275499635725282
89.09604024887085,2.0525339e-13,-28.139705019999997,81920,1636,-0.1751307314261794,0.0001020267106355277,0.031030757287493747,0.005042181902309011,0.025937562029866967
90.2847146987915,1.0554783e-13,-27.652328400000002,82944,1656,-0.1572473170235753,7.092342070791346e-05,0.02027274745921947,-0.0013945472714993537,0.021631833020364866
91.40320301055908,1.4885131e-13,-26.089480899999998,83968,1676,-0.1434854818508029,6.657492502881723e-05,0.015810376976360722,-0.008476462123383665,0.024253551637229975
92.52023482322693,1.5183236e-13,-27.081330280000003,84992,1696,-0.12877141870558262,8.837836287511891e-05,0.02505465958366225,0.003418148414669797,0.021592321987554897
93.59680581092834,1.6027902e-13,-26.929208319999997,86016,1720,-0.10952086094766855,0.00011691325306628642,0.03623397337919949,0.007220816636947468,0.02895470011571888
94.71147465705872,1.2293706e-13,-26.491531959999996,87040,1740,-0.09680826216936111,8.329039235377422e-05,0.023493140632208444,-0.002889363814890665,0.02634085925092222
95.75632381439209,1.314765e-13,-26.934126759999998,88064,1760,-0.08672773372381926,8.33906123602901e-05,0.02505809249737945,-0.0011734935571562305,0.026189890748355538
96.95333623886108,9.610641e-14,-27.58466368,89088,1780,-0.07778575178235769,7.392244327775188e-05,0.034131323407854464,0.007649963682843376,0.026444398503372213
97.96534085273743,2.1970106e-13,-28.01026594,90112,1800,-0.07337600272148848,6.147840585413178e-05,0.028329015530951372,0.000529705427362434,0.02776857090066187
99.05304050445557,2.7881592e-13,-27.076071820000003,91136,1820,-0.06511316262185574,6.939504072533964e-05,0.026342138603062358,0.0021438082107673403,0.02416363287193235
100.14566731452942,2.7960278e-13,-25.106560759999997,92160,1840,-0.05829779803752899,8.005040433545219e-05,0.021500332683611127,-0.0004363807061096819,0.02189668818755308
101.17199492454529,2.9464772e-13,-25.10606996,93184,1860,-0.05299270525574684,7.956829193744852e-05,0.02179155953113789,-0.0015956167473948166,0.023347392132563982
102.25617480278015,2.3265678e-13,-26.260287860000002,94208,1884,-0.046944442205131054,8.764194353716448e-05,0.01836967462462917,-0.0061598295467397285,0.024485683199600317
103.31054949760437,3.837215e-13,-26.16998858,95232,1904,-0.04071815591305494,9.328946475761768e-05,0.02803720751845696,0.0014879552357225465,0.026502607550355606
104.30447363853455,2.7628182e-13,-26.192531400000007,96256,1924,-0.03495020233094692,0.00011905881848406352,0.023433887278673293,-0.00021315887967182613,0.023587516749103088
105.45275640487671,2.6295502e-13,-24.99934644,97280,1944,-0.0374639006331563,7.640118013796382e-05,0.02569964399625404,-0.000798601596565062,0.02646004500275012
106.4331042766571,1.5923826e-13,-24.377356379999995,98304,1964,-0.032026941888034344,6.0676949203752883e-05,0.017169539488239637,-0.003987496717595672,0.021126697731233435
107.52361464500427,2.3948177e-13,-23.94292708,99328,1984,-0.027020839042961597,8.770813332148464e-05,0.02765534752040757,0.004120137019213455,0.023491356434533373
108.66389656066895,2.0968715e-13,-24.366604360000007,100352,2004,-0.020652693696320057,3.568409209719903e-05,0.021661461603792405,0.0030394702215738667,0.01860414933616994
109.81184577941895,2.537994e-13,-23.536420219999997,101376,2024,-0.006414015777409077,4.173275073071636e-05,0.021483186322405756,-0.0005120893576352435,0.021974409304675646
110.91648626327515,1.97666e-13,-23.595812719999998,102400,2048,0.003658294677734375,4.344812913359419e-05,0.015683167357142383,-0.00425522842857272,0.019916671721148305
112.02750253677368,1.3703147e-13,-24.669756900000003,103424,2068,5.294196307659149e-05,4.946954965134864e-05,0.01853677138985287,0.0009699511829580518,0.017542085432069143
113.17575216293335,1.8449616e-13,-24.341377399999995,104448,2088,8.353684097528458e-05,4.012536757613816e-05,0.020505439898360504,-0.0007140534227801998,0.021199430637352634
114.25966453552246,1.9929612e-13,-22.80042494,105472,2108,0.015403743833303452,3.842268810672067e-05,0.016068557575076338,0.001857714755908714,0.014191631475114264
115.27964997291565,1.6841747e-13,-22.913965959999995,106496,2128,0.033814866095781326,4.936579600212099e-05,0.01994748496721294,0.0012413263875516482,0.01868147568166023
116.44012784957886,1.950599e-13,-23.741571699999998,107520,2148,0.039907258935272694,3.8473977070907495e-05,0.024370495453329633,0.0045587145805438415,0.019792543884250335
117.59174418449402,1.1928695e-13,-23.909242380000002,108544,2168,0.043524185195565224,3.040961172473544e-05,0.0187521479671745,-0.0008771283802701025,0.019614071541582234
118.81230163574219,1.0473113e-13,-25.623167040000002,109568,2188,0.050924137234687805,5.2961311297394786e-05,0.023463312354851634,0.0010840853096877007,0.022352746389515232
120.02837061882019,1.7461426e-13,-26.14425678,110592,2208,0.06540252361446619,5.2652964541266556e-05,0.02259503013217089,-0.003770820142657626,0.026339523792557884
121.14556884765625,1.4286516e-13,-24.550116299999996,111616,2232,0.06521071493625641,5.1008204764002585e-05,0.02117043777787938,-0.003704631493054257,0.024849565168551635
122.27262854576111,1.0227916e-13,-22.623785239999997,112640,2252,0.059843884781003,3.540963433579236e-05,0.02680400871078494,0.005187410330266611,0.02159889356335043
123.44500827789307,1.4318318e-13,-23.322000499999998,113664,2272,0.06203940976411104,5.5001169158686025e-05,0.03285168797118104,0.011766553823569555,0.02105763356303214
124.53888463973999,1.03429445e-13,-23.18080064,114688,2292,0.08006098214536905,4.388405918120952e-05,0.0233423994170483,0.0026755387794441554,0.02064491860801354
125.67391777038574,1.371397e-13,-23.009526419999997,115712,2312,0.09961445443332195,2.885365643123805e-05,0.01758281661059275,-0.0022446800657919754,0.019813069848169107
126.76413702964783,1.5474652e-13,-23.515052499999992,116736,2332,0.11806225031614304,2.336915605383183e-05,0.019740625425461053,0.001194263595115198,0.018534677252318943
127.8590955734253,2.274663e-13,-24.1314364,117760,2352,0.12457776349037886,2.8144640126015474e-05,0.022444243052793765,0.0008034838989609736,0.02162668683376978
128.93833899497986,1.3760076e-13,-25.09203492,118784,2372,0.13124154973775148,4.040491981527339e-05,0.03221877300683125,0.008208010675033035,0.023990559871890582
130.07882404327393,1.9054073e-13,-25.246438059999996,119808,2396,0.13478815276175737,3.9113433643933604e-05,0.02157678800731614,-0.0009832950649479527,0.022540526355442125
131.20382523536682,1.1564328e-13,-25.46519798,120832,2416,0.1474032700061798,3.4447547264448986e-05,0.03424698829396175,0.006227725500263377,0.02800203902006615
132.47542715072632,1.7628225e-13,-23.461915019999996,121856,2436,0.16486931685358286,4.313417798584851e-05,0.03895597962810496,0.017767834407442364,0.021166578131669667
133.7471935749054,9.356135e-14,-22.884118079999997,122880,2456,0.1824897499755025,3.453047042967228e-05,0.030301369246572143,0.006561587289311466,0.02372251672204584
135.09424543380737,1.4359287e-13,-24.399196239999995,123904,2476,0.18939519859850407,3.328865184926144e-05,0.024658907848054315,0.002757739222308332,0.02188452429982135
136.12858963012695,1.6330757e-13,-23.93104332,124928,2496,0.19221838656812906,4.015207758811812e-05,0.022107246791112665,0.0004389993945081094,0.021648171357810497
137.31731390953064,1.5300174e-13,-24.52479344,125952,2516,0.1907413862645626,3.914473376198657e-05,0.01623408416932431,-0.0070672293281880995,0.023281741130631417
138.42055368423462,1.7391e-13,-25.31400172,126976,2536,0.18525305204093456,3.619873714910682e-05,0.02155014640986622,-0.001804654825064058,0.023336701866355725
139.49153423309326,1.0079725e-13,-24.00209774,128000,2560,0.18395062536001205,4.193485088421767e-05,0.03165200078593809,0.008259187862164154,0.023371845498331822
140.56386280059814,1.5744505e-13,-24.393200540000002,129024,2580,0.19094802718609571,3.7203125515361535e-05,0.02473297014325049,0.000747043577024377,0.02396732500346843
141.72226929664612,1.2949231e-13,-24.008814279999996,130048,2600,0.1947112586349249,5.60443463939464e-05,0.023798468118778546,-0.0008863045563086299,0.0246567505018902
142.87821555137634,1.6448827e-13,-22.87867976,131072,2620,0.19030597619712353,5.597672301860257e-05,0.01937697190683555,0.00040050234177460976,0.018948481203551637
143.93915104866028,1.6232203e-13,-21.32875294,132096,2640,0.1886757267639041,9.945069717787192e-05,0.02759808414616657,0.006261102971695321,0.021287255825882312
145.05610179901123,1.1438932e-13,-22.585500780000004,133120,2660,0.19647873099893332,7.124157460225433e-05,0.02246317248523432,0.0018910160273889385,0.020536535670544254
146.0901780128479,1.1674057e-13,-22.112915220000005,134144,2680,0.1932068169116974,6.811958760977177e-05,0.020297515304887083,-0.0005562656539436405,0.02081972116502584
147.18042516708374,1.3277243e-13,-23.54897524,135168,2700,0.19646911043673754,3.666496883170112e-05,0.015346386152595967,-0.005886457890175181,0.021214511558355298
148.32316160202026,1.7638121e-13,-23.36088146,136192,2720,0.20476756989955902,4.3721269804564145e-05,0.026585259330421475,0.0008771432430632401,0.025686255452455953
149.36743474006653,1.6362619e-13,-21.654118580000002,137216,2744,0.2197786048054695,4.8110905424891826e-05,0.022621212092887564,-0.0012333166809656245,0.023830473321140744
150.45251655578613,9.0812686e-14,-21.637930500000003,138240,2764,0.23135109432041645,3.1044959428072616e-05,0.023769945642416072,-0.0025772791136637963,0.02633170227636583
151.61519122123718,1.4441771e-13,-22.330454699999997,139264,2784,0.23801072034984827,8.332607077932153e-05,0.02429921644572413,0.005843727958617922,0.018413825451716548
152.6884570121765,1.4782836e-13,-21.538299640000005,140288,2804,0.23944917414337397,5.696207350069926e-05,0.017193534396654896,-0.0035797925114724903,0.020744845871377038
153.8389163017273,1.1151962e-13,-22.870351260000003,141312,2824,0.2366712372750044,3.338550786224914e-05,0.016872289882630665,-0.0024970365810869193,0.01935263370978646
154.90995955467224,1.062367e-13,-24.03446714,142336,2844,0.22700003255158663,4.8157618948607706e-05,0.026995175351570803,0.002519186871635761,0.024451909670460736
156.0744755268097,1.00096824e-13,-24.60687232,143360,2864,0.2270944882184267,5.0698498256451785e-05,0.023320356894161322,-0.0006378930640087651,0.02393290070904186
157.08645701408386,1.0496648e-13,-23.4581363,144384,2884,0.2326066056266427,6.0413951189275394e-05,0.02825996140258323,0.0024629223059809808,0.02576683212100761
158.14080476760864,1.4630021e-13,-22.4755194,145408,2908,0.2323976829648018,4.872402914202212e-05,0.021585576134050058,-0.0017592056816872347,0.02332041980116628
159.23098158836365,1.1669115e-13,-21.33272692,146432,2928,0.2394192274659872,7.51329558852376e-05,0.021116309621896555,-0.002236927952543741,0.02331567109649768
160.32232546806335,8.6995833e-14,-22.066604339999994,147456,2948,0.24794086534529924,4.8873092595158596e-05,0.019938106206155395,-0.0007930918484782398,0.020706761508336058
161.34396290779114,1.5822299e-13,-22.574020280000003,148480,2968,0.24712715204805136,4.660320161065101e-05,0.027133262152242717,0.0026983237320146814,0.02441163681942271
162.42032194137573,9.718223e-14,-22.784824879999995,149504,2988,0.24992990773171186,5.465703739560013e-05,0.026864388123233746,0.00045960623765936527,0.02637745336687658
163.4981713294983,1.6448408e-13,-21.420505000000002,150528,3008,0.2603083336725831,2.6303046141151754e-05,0.02764210329317151,0.005569111743614734,0.0220598400264862
164.51227140426636,1.4095502e-13,-20.5847944,151552,3028,0.26360494922846556,6.310912509377431e-05,0.023491088363031255,0.0017609906425028908,0.021698543157981476
165.61909770965576,1.7829936e-13,-22.248088839999994,152576,3048,0.2741350280120969,3.760273244779455e-05,0.01421912397606366,-0.005794579549102077,0.01999490215894184
166.88517832756042,1.8762082e-13,-21.76145774,153600,3072,0.2895445805042982,0.00010140161728600106,0.02309039104341963,-7.953168688430755e-05,0.023119221921660937
168.20968985557556,2.1834861e-13,-21.27456876,154624,3092,0.3027116097509861,5.070597029543933e-05,0.016122114364281223,-0.004492378042511584,0.020589139421645086
169.56033635139465,1.7912858e-13,-20.016201860000002,155648,3112,0.30805721413344145,3.218478785527168e-05,0.015915887428692252,-0.0017661275178590522,0.01766592255262367
170.87620496749878,1.3220825e-13,-19.5365548,156672,3132,0.3130539245903492,3.9830531903817246e-05,0.0184345550848665,0.001916982763035347,0.016497657055879245
172.2465946674347,1.9710069e-13,-20.64469024,157696,3152,0.32130432687699795,3.677022483827841e-05,0.032730366486271686,0.009824471199083565,0.022887510174768977
173.58007073402405,1.509566e-13,-21.23412104,158720,3172,0.32846084516495466,4.511493864356453e-05,0.019328339413227483,-0.0021243442764605196,0.02143012622036622
174.93764758110046,1.5063951e-13,-20.721689220000002,159744,3192,0.32436531875282526,8.344732688669865e-05,0.014517386711744181,-0.005755318152865455,0.020230981201166287
176.32294464111328,2.362487e-13,-19.3725094,160768,3212,0.3247318584471941,7.663510146471708e-05,0.021954251461239097,0.0017361303181792202,0.020179803592327517
177.65416836738586,1.4690277e-13,-20.17254016,161792,3232,0.33272676076740026,0.00019441240550577277,0.0233761871321993,0.005719684154157302,0.017559296775289113
178.98429608345032,2.1185533e-13,-21.60055132,162816,3256,0.34130433993414044,0.00011800296192632231,0.019901717100106617,-0.0015258616423119015,0.021368577261455357
180.30575919151306,2.349758e-13,-21.865271179999993,163840,3276,0.3383842157199979,0.00010375836097864521,0.02676855967604427,-0.0026888645693916888,0.029405545064946637
181.62064719200134,2.8537933e-13,-20.721539980000003,164864,3296,0.32890817569568753,6.193741180027246e-05,0.023770932920749176,0.00022785374059154233,0.023512110474257497
182.96910452842712,2.2043802e-13,-19.4793198,165888,3316,0.32591793965548277,3.9414606590071344e-05,0.019959374903335825,-0.0005839452385469329,0.020523612838587724
184.52455806732178,1.5849653e-13,-19.841598180000002,166912,3336,0.32861760072410107,3.40201065682777e-05,0.026579561841580664,0.0030856092004198326,0.023476942587876692
185.86910438537598,2.3796e-13,-19.29299492,167936,3356,0.337988652754575,2.2237144762016214e-05,0.01679346645341541,-0.002050842470835741,0.018833190351870144
187.19100189208984,2.3218414e-13,-19.72209854,168960,3376,0.34308336256071925,5.004954397236361e-05,0.013675721240516643,-0.004511746230136832,0.01816244269866729
188.56707954406738,2.1589601e-13,-20.91379224,169984,3396,0.3508744556456804,6.567147926261896e-05,0.02847539104196483,0.004967515686601136,0.023475039615732385
189.8581142425537,3.1010475e-13,-20.88239602,171008,3420,0.36396954022347927,3.0012278429580874e-05,0.0244429416694236,0.0037839382185002914,0.020643997311708517
191.09899711608887,1.966834e-13,-20.83791854,172032,3440,0.3720759116113186,3.61153521879487e-05,0.02426389203425109,-0.0012688272273184361,0.02551466158547555
192.3535759449005,2.2005431e-13,-19.86707324,173056,3460,0.38089236663654447,9.476526935259244e-05,0.016760285749340118,-0.0012921901684725522,0.018005093283136375
193.5141682624817,2.326731e-13,-19.322725860000002,174080,3480,0.38818345637992024,8.105903174282503e-05,0.021549388281486073,0.0011051521441777952,0.020403706621436868
194.62306094169617,2.4433867e-13,-19.62224836,175104,3500,0.39506019139662385,7.307187095761947e-05,0.01525994472965775,-0.007779738811598546,0.023003147605777485
195.90956592559814,2.9884594e-13,-19.3776759,176128,3520,0.4031788441352546,6.395387603674862e-05,0.028994573460267313,0.013786014735885557,0.015176581786363386
196.9755392074585,2.7654655e-13,-19.869804220000002,177152,3540,0.4064082154072821,5.460613090235711e-05,0.01625489639788498,-0.00315158084792415,0.01937917418035795
198.08239316940308,3.0837493e-13,-19.35375074,178176,3560,0.4184431484900415,3.3921138779646753e-05,0.02082057642654712,-9.894284928156996e-05,0.020902558706438867
199.31530022621155,2.5774348e-13,-18.54861766,179200,3584,0.4313762974925339,2.784685698031808e-05,0.019349103951482836,0.003527120707238726,0.01580805981575395
200.44329977035522,2.6246984e-13,-17.81031672,180224,3604,0.4316578428260982,3.430772940760107e-05,0.019378268422157986,0.0031383654628589818,0.0162227490945952
201.6650640964508,1.9812654e-13,-17.11103092,181248,3624,0.4392465394921601,8.17074305530241e-05,0.02073845314987297,0.004437283195683238,0.01626031623891322
202.87212133407593,2.7437658e-13,-17.837202880000003,182272,3644,0.4476759466342628,4.8041213673855054e-05,0.018759377684884254,0.005921467016240438,0.012813890061806887
203.93627953529358,2.6071978e-13,-17.45074686,183296,3664,0.4485184829682112,4.0177847878908324e-05,0.01917650334659398,0.004331673492019508,0.014824740930635016
205.03437662124634,2.2660915e-13,-18.37618954,184320,3684,0.45605400251224637,4.544027429176367e-05,0.012037694816476676,-0.0021936350209594588,0.014208609700290253
206.10879945755005,2.3994012e-13,-18.03288044,185344,3704,0.4637965024448931,3.785494158137226e-05,0.014793551609207752,-0.0018715472213357036,0.01664617135975277
207.40750980377197,2.1072881e-13,-18.45803532,186368,3724,0.4563425644300878,3.98704269883865e-05,0.021256876028682595,0.004415889656857302,0.016821051158331102
208.6721465587616,2.811717e-13,-18.12693502,187392,3744,0.4501042030751705,5.202181682761875e-05,0.0176209685318033,-0.00108047193394421,0.0186754295573337
209.85804915428162,3.1665122e-13,-18.135031859999998,188416,3768,0.4466101052239537,9.875953745108745e-05,0.01043815399982722,-0.006920633814446804,0.01730940804554848
210.9758632183075,2.2287977e-13,-18.15209648,189440,3788,0.44500442733988166,5.3037903668951e-05,0.013486619624219418,-0.0023634268579164203,0.015823527530301362
212.14767122268677,2.7856526e-13,-18.52971036,190464,3808,0.4495012969709933,9.313185353221343e-05,0.013946891644031513,-0.004817054745210879,0.018717380462476285
213.27229046821594,2.974033e-13,-19.01584056,191488,3828,0.4451362839899957,9.493877024624453e-05,0.013900580705594254,-0.004194531609997878,0.01804764293046901
214.33683919906616,2.8963735e-13,-19.86774962,192512,3848,0.4364829654805362,0.00016396583936284514,0.022332392617822026,0.0024425893296988505,0.019807820368441753
215.48967337608337,3.2016485e-13,-20.31138598,193536,3868,0.4344482608139515,6.275634905250627e-05,0.0259581963789997,0.0049032070046933105,0.021023611199780134
216.74808263778687,2.8834248e-13,-19.43398832,194560,3888,0.44775782339274883,6.107281893719119e-05,0.017590981979525175,-0.0026552716979451737,0.020215717268001754
218.1524782180786,2.9868106e-13,-17.99116542,195584,3908,0.4570771949365735,3.507685231340929e-05,0.012381132229902878,-0.0035757189941084807,0.015939312797854654
219.20545768737793,3.9080406e-13,-18.6471648,196608,3932,0.46291018603369594,4.5797006777092975e-05,0.02066759130467906,0.00017144091805894324,0.02047325188323157
220.2798147201538,4.3544492e-13,-18.74645284,197632,3952,0.4650591309182346,6.0969742150973616e-05,0.024323326388583838,0.0022682881537730275,0.022024553363735322
221.28193855285645,4.3208351e-13,-18.1981327,198656,3972,0.45638637663796544,7.869791150483252e-05,0.019100038090299924,0.0012699735169541284,0.017790715617593378
222.3364806175232,2.9769004e-13,-17.1893615,199680,3992,0.45662138937041163,5.10012413315053e-05,0.010423335604532617,-0.004596356978747558,0.014994191962614423
223.4669325351715,2.6929704e-13,-17.31110164,200704,4012,0.46475196769461036,3.404637533321875e-05,0.01622868864081543,-0.001816989603547332,0.018028655056696152
224.53577280044556,3.6136114e-13,-18.29895388,201728,4032,0.47454095678403974,5.103522950378192e-05,0.022017235599779222,0.005223883097012853,0.016767834888014477
225.77552676200867,3.2733297e-13,-17.51893254,202752,4052,0.4939597896300256,0.00010485096612455891,0.02406003503502115,0.0050500726115250884,0.018957536940433783
226.83146405220032,3.5067744e-13,-17.35682222,203776,4072,0.5007206019945443,6.487899293006194e-05,0.005730028970143455,-0.006817432978456448,0.012515022452134872
227.92639636993408,2.5154482e-13,-16.9613056,204800,4096,0.5012710643932223,1.9812723870415994e-05,0.015543742290404616,-0.0027711948648023177,0.018305030793271726
228.97550249099731,3.4004234e-13,-16.912072820000002,205824,4116,0.4926227359101176,3.0467737005324125e-05,0.012662069249500878,-0.0005941806121186714,0.01324101599311689
230.00774836540222,2.9165206e-13,-16.60611366,206848,4136,0.49298882903531194,4.066766346966233e-05,0.010940351552650718,-0.0023498442718237205,0.013269861992739607
231.07698822021484,3.775042e-13,-16.531447500000002,207872,4156,0.4974487251602113,4.2108877266855416e-05,0.016243164067796665,0.0007135037634016013,0.015508605865761638
232.108567237854,4.2971732e-13,-17.28671808,208896,4176,0.4962550946511328,6.0081737103701016e-05,0.010608008434847351,-0.004651378180479423,0.015229345746774925
233.24938988685608,3.6729203e-13,-17.366509879999995,209920,4196,0.49928898364305496,3.11439913787126e-05,0.010591332039194035,-0.004966455813335224,0.015542215856839903
234.3851637840271,3.1111452e-13,-16.55370316,210944,4216,0.4987226156517863,2.757526240770858e-05,0.022224442302978542,0.008708697365485574,0.013501957306289114
235.55237460136414,3.1005211e-13,-16.5378663,211968,4236,0.4980757883749902,4.323802581041036e-05,0.010429043863005858,-0.0020572556951350984,0.012464680545235751
236.74541687965393,3.4002337e-13,-16.77527912,212992,4256,0.5036722887307405,3.9638202594005634e-05,0.014563465505232898,-0.0010887757313047342,0.01563242213524063
237.76611280441284,3.0138178e-13,-17.373196560000004,214016,4280,0.5120908049866557,5.719620716604368e-05,0.016748644138691808,0.0009953132217125253,0.01572473281339626
238.79018831253052,2.23654e-13,-16.814561620000003,215040,4300,0.519582218490541,2.798306364582004e-05,0.015826918612711637,-0.004378738639742408,0.020191665720631136
239.96283102035522,3.345373e-13,-16.46661298,216064,4320,0.539025628939271,5.4345018810408874e-05,0.007931435742523781,-0.00453586917700141,0.012440132410119986
241.06624746322632,2.1905755e-13,-16.757455580000002,217088,4340,0.5521088009700179,0.0001308734739779993,0.01728015206919706,0.001049039413025228,0.01616567591918283
242.3411374092102,3.1968853e-13,-17.20209834,218112,4360,0.557572633959353,0.0002254731746802463,0.009361089214601328,-0.006277567754799372,0.015525920382060576
243.51053190231323,2.5418052e-13,-16.2786854,219136,4380,0.5541386716067791,3.887360091425762e-05,0.005487860982693634,-0.006599360649506251,0.012067784831742756
244.61497926712036,2.4116744e-13,-15.743114079999998,220160,4400,0.5475647626444697,2.434901875858486e-05,0.014364987943444086,0.0005615062782943102,0.013791307155770482
245.73964047431946,3.273265e-13,-16.45642366,221184,4420,0.5552409570664167,1.498578377834292e-05,0.019217041227570134,0.005245555093466759,0.013963993242214201
246.9016773700714,3.2429203e-13,-16.4813031,222208,4444,0.5541767301037908,2.5279565704749984e-05,0.01369665873977657,-0.0033089655245518196,0.016992984481476014
248.00636434555054,2.4319322e-13,-16.352392560000002,223232,4464,0.5511093707755208,7.4486998187239806e-06,0.014673954545792452,0.00016246883253556526,0.014507761363347527
249.13671231269836,2.7766125e-13,-17.25279842,224256,4484,0.5533221308141947,1.6952750605980782e-05,0.007518280005170308,-0.007608098295028388,0.015117901924895705
250.2861726284027,2.9286328e-13,-16.507117280000003,225280,4504,0.5556458523496985,9.816562585029942e-06,0.016065882503208145,-0.0011044050712309117,0.017165379293146543
251.39285469055176,3.215699e-13,-16.10804878,226304,4524,0.5537208821624517,1.4590517352530696e-05,0.011326467582191182,-0.0004789561403368374,0.011798128463851754
252.50761461257935,4.26801e-13,-15.507993099999998,227328,4544,0.5484999576583505,4.0373789602199395e-05,0.012764992587312198,-0.0007488275271846665,0.013493633219695766
253.62231874465942,3.123281e-13,-15.877405160000002,228352,4564,0.5500688701868057,2.4854878255098356e-05,0.007596018556997303,-0.005415921552051633,0.012999512669921387
254.7200734615326,2.2906552e-13,-16.46049742,229376,4584,0.555433876812458,3.8843068992377994e-05,0.01120455364909344,-0.0040768279903109625,0.015261960104908212
255.76915740966797,3.8821382e-13,-16.773369940000002,230400,4608,0.5668410146608949,2.5240596144726624e-05,0.01675788487646953,0.0027000728497416854,0.014045191728655482
256.8794991970062,2.0891601e-13,-16.381845799999997,231424,4628,0.5737876882776618,2.259018023664794e-05,0.019174125798830655,0.002664178847528285,0.016498651861184044
257.8937499523163,1.7579409e-13,-15.705400040000002,232448,4648,0.5724115464836359,1.884764871817879e-05,0.008230971256329746,-0.005656757657776644,0.0138783050897473
258.9950051307678,2.6598946e-13,-16.34242484,233472,4668,0.5759533969685435,5.25013258254603e-05,0.01199838688634653,-0.003047985076606246,0.015020121300040046
260.05887389183044,3.5343646e-13,-16.32901628,234496,4688,0.5718801077455282,6.589779806631668e-05,0.015675908484344088,0.001034417670670704,0.014608541914640227
261.13875555992126,3.9402883e-13,-17.46465346,235520,4708,0.5662194862961769,2.1071960290441893e-05,0.0064257772769664035,-0.01157767769760205,0.017992918994423235
262.51568150520325,2.6386356e-13,-16.31647234,236544,4728,0.5627243220806122,1.1163183380347164e-05,0.013796609452973447,-0.004208750211124662,0.017999778072407935
263.66291522979736,3.09343e-13,-15.66004714,237568,4748,0.565674620680511,8.758594894686667e-06,0.011816607454528465,-0.0016036645295991858,0.013415892686680309
264.7476284503937,4.1658026e-13,-16.2828218,238592,4768,0.5729581415653229,1.5224369384725378e-05,0.01447996785807544,-0.0005961211280058192,0.015068476801388897
265.90810084342957,3.5021958e-13,-16.592724179999998,239616,4792,0.5694923298433423,2.228157484296389e-05,0.012857413628300951,-0.006362362406316602,0.01920863524719607
267.04987025260925,3.7765784e-13,-16.835505980000004,240640,4812,0.5688865706324577,4.465337518411161e-05,0.012590002863903786,-0.006218037355230839,0.01878571353154257
268.14666509628296,2.4382465e-13,-17.63569192,241664,4832,0.5778502896428108,2.672548345827863e-05,0.017400803899880985,0.0005985603990292976,0.01678888075912255
269.3013753890991,3.1121324e-13,-15.8873343,242688,4852,0.5801853323355317,1.700848279284628e-05,0.015577094990838493,0.0010736329869336489,0.01449495776250842
270.41155219078064,3.2958087e-13,-14.195726299999999,243712,4872,0.5907708518207073,2.037174774116579e-05,0.015577592939003598,0.0030582494641166738,0.01250915760101634
271.52640771865845,2.1579328e-13,-14.788915359999999,244736,4892,0.6042594434693456,2.9008402453456483e-05,0.012136347913924707,0.0008951730744182199,0.011226670638279757
272.7265131473541,1.799102e-13,-15.755034260000002,245760,4912,0.6114455722272396,1.317111729903786e-05,0.01891881648464349,0.004151796145665902,0.014760434780328069
273.78673458099365,2.2273502e-13,-15.835147519999998,246784,4932,0.6172192906960845,2.262371445738154e-05,0.01854519856932301,0.004071460079859031,0.014462426632235292
274.94131779670715,1.2537996e-13,-16.185597440000002,247808,4956,0.6167949214577675,1.2652099041332576e-05,0.013115575151250333,-0.0011276653760761738,0.01423691447780584
276.05159640312195,2.3502248e-13,-15.732035699999999,248832,4976,0.6207242244854569,0.00019491917470304543,0.016551384183131797,-0.002356725246854754,0.01881064984263503
277.04213857650757,3.998903e-13,-16.3442722,249856,4996,0.6346359299495816,0.00023892187925866892,0.013646442267473807,0.001569396622175037,0.011957584705669433
278.1490738391876,2.6477963e-13,-15.748938340000002,250880,5016,0.6476534269750118,3.476002075331053e-05,0.01773507371548528,-0.00018669539882414576,0.017904389103932772
279.20919966697693,3.2172575e-13,-16.48104322,251904,5036,0.6565647050738335,1.7855702402869156e-05,0.01290927385201056,-0.0015140222292545755,0.014414368230063701
280.31134510040283,1.1276241e-13,-15.614738319999999,252928,5056,0.6583185037598014,9.551805035812322e-06,0.014453679938101933,-0.0015233831075018214,0.01597228714308585
281.3800473213196,3.873327e-13,-14.073696219999999,253952,5076,0.6563020069152117,8.631535429515225e-06,0.027133006551102914,0.012887588180706084,0.014241102602682076
282.452219247818,2.9869377e-13,-14.30961852,254976,5096,0.6603836473077536,1.0757972638941737e-05,0.011314569458654673,-0.00027879641396238335,0.011587986886297585
283.6493389606476,3.0869014e-13,-13.957285080000002,256000,5120,0.662370977923274,1.1349725973275326e-05,0.015152662606319877,-8.268806270694037e-05,0.015229675806040177
284.8079888820648,5.505247e-13,-14.127302840000002,257024,5140,0.6614114288240671,1.2738761512309793e-05,0.012958550831489418,-0.0005438420574629681,0.013496023508196231
285.8971836566925,3.3385463e-13,-13.58227138,258048,5160,0.6609960151836276,1.5189304754414934e-05,0.014578631267711431,0.0008251319298413628,0.01374590468549286
287.0540692806244,4.9239757e-13,-13.8063417,259072,5180,0.6735417824238539,8.923523299841918e-06,0.013865881196366617,0.0031460336521843034,0.010715385782532394
288.182110786438,3.74954e-13,-14.607147940000003,260096,5200,0.6859131874516606,2.2539025266610224e-05,0.016692285724278905,0.0011420525441501927,0.015538963667495409
289.24063658714294,2.392979e-13,-15.128608379999998,261120,5220,0.6865762500092387,2.233934010575922e-05,0.01343155057298558,0.0007866571067620292,0.01263372379617067
290.3151500225067,3.9727916e-13,-14.40969186,262144,5240,0.6781423166394234,1.2335510284344764e-05,0.015153368867164842,0.0017730024291545132,0.013374198682868155
291.4120693206787,2.6016575e-13,-13.874660460000003,263168,5260,0.6751585807651281,8.296979569166751e-06,0.019748838313006806,0.007565573144768943,0.012179116678453283
292.47954535484314,2.6855872e-13,-14.09551612,264192,5280,0.6835285853594542,5.88393138656329e-06,0.014915576864431531,0.0006115503128429552,0.014301084585895296
293.6006498336792,2.7200806e-13,-14.07440828,265216,5304,0.6916041085496545,4.162497326376524e-06,0.012312635639398429,0.0006106924856633558,0.011699861905071884
294.704882144928,2.776081e-13,-13.598698140000002,266240,5324,0.6940348520874977,7.622109610139205e-06,0.022714716790923337,0.007964423059262746,0.014746482676855521
295.78927302360535,2.1986353e-13,-13.12538952,267264,5344,0.6925824899226427,0.0001137348016584383,0.01806947168688835,0.0052646005943186806,0.01274800369174045
296.85146617889404,2.462197e-13,-13.95779892,268288,5364,0.6956107392907143,6.149075871064724e-05,0.015286692315647863,0.00367712341466112,0.01157882352163142
298.0941355228424,2.9657526e-13,-14.641696880000001,269312,5384,0.7053815126419067,1.348290387426232e-05,0.005697849842458458,-0.00713754583347349,0.012828654223994818
299.1426947116852,3.6209908e-13,-14.4862263,270336,5404,0.7162053473293781,9.741179091804497e-06,0.01691297845767864,0.0026923687243677876,0.01421573914376495
300.2441871166229,3.129664e-13,-13.97797372,271360,5424,0.7201483147218823,5.757164984743213e-06,0.016966259421457373,0.0038239754129195886,0.013139405426045414
301.3905472755432,3.470489e-13,-14.137098260000002,272384,5444,0.7210044050589204,1.1288180857604857e-05,0.01281441957368196,-0.003063219896458576,0.015871995379711734
302.47692584991455,2.2096028e-13,-13.213734100000002,273408,5468,0.725113089196384,2.5232512669504104e-05,0.012938796250941551,-0.0003365770982821316,0.013262757092888933
303.5994186401367,2.5806375e-13,-12.98179086,274432,5488,0.7364517357200384,1.3736020978427632e-05,0.013871546392378897,0.003773620137746767,0.010091058244142914
304.6212203502655,1.905938e-13,-13.07314932,275456,5508,0.7442154502496123,1.4185833620672383e-05,0.014785552670993483,0.0036538884999972807,0.011124571254185867
305.65216732025146,1.8520214e-13,-14.215470719999999,276480,5528,0.754561010748148,8.254622208880846e-06,0.0020440461703084573,-0.00855829007794967,0.010598208937153686
306.7266173362732,1.3081788e-13,-13.524266719999998,277504,5548,0.7455727346241474,5.700897366978097e-05,0.01387383192268276,0.0019223446889380306,0.011922982746909838
307.8928105831146,1.6557576e-13,-13.62275412,278528,5568,0.7457027528434992,3.0345755135385843e-05,0.013565864072945643,0.0037105772186986734,0.009840113976679277
308.9640657901764,1.7890772e-13,-14.670745919999996,279552,5588,0.7521836487576365,5.303067005968387e-05,0.014595922464662726,0.0025091343803377735,0.012060272749295109
309.9858469963074,1.942432e-13,-14.82383926,280576,5608,0.7517054788768291,1.0120006862734954e-05,0.012009263912175057,-0.0024747031349235888,0.014478907043667277
311.13065004348755,2.115527e-13,-14.54311628,281600,5632,0.7497885012999177,9.292596159227173e-06,0.01775196705422824,0.005036052775954675,0.012711267980193952
312.2713589668274,1.799126e-13,-14.860991940000002,282624,5652,0.7496881615370512,3.069799433319531e-05,0.008321328226330176,-0.007199501601888831,0.01550548083105241
313.3103792667389,3.3480602e-13,-14.905994779999999,283648,5672,0.7430004924535751,1.2852744280422712e-05,0.013044165222933118,-0.0018905639350544267,0.014928302785847336
314.3879771232605,2.6964222e-13,-14.09297364,284672,5692,0.7397687435150146,4.3085110519314185e-06,0.013433523672556586,0.0009364195893614326,0.012494949827669188
315.5744137763977,2.666741e-13,-13.076921359999998,285696,5712,0.7363517768681049,9.76716624379037e-06,0.008561437017645168,-0.0030833960382142247,0.011639949472737499
316.73733139038086,2.9996532e-13,-13.63691114,286720,5732,0.7352551482617855,1.4512845339709202e-05,0.02250811192661996,0.009408813782557214,0.013092041721392889
317.73907828330994,2.1761323e-13,-14.1773004,287744,5752,0.7409022124484181,1.1398703009035671e-05,0.012284802496257435,0.0002484401068765531,0.012030663037876366
318.8902130126953,1.1515723e-13,-14.371328499999997,288768,5772,0.7450995249673724,1.9191345167257623e-05,0.013353239016638423,-0.0015415127293780873,0.014885156073432881
320.03229689598083,1.7478404e-13,-13.932932820000001,289792,5792,0.7403713902458549,4.2301073023054414e-05,0.01673174377176105,0.0032557913302223972,0.013454801905027125
321.22419571876526,1.9780186e-13,-13.670938360000001,290816,5816,0.7440600991249084,2.0754834253011722e-05,0.016348173143528003,0.005651954242609907,0.010685841483791592
322.58686685562134,1.2712864e-13,-14.332464559999998,291840,5836,0.7381073720753193,6.709289767314885e-05,0.01824566086294236,0.001353110161923,0.016859004252182785
323.6990420818329,1.3191711e-13,-13.81809348,292864,5856,0.7438669940456748,2.752181576681778e-05,0.011988993652599162,0.0005683201963064429,0.01140691254840931
324.78435373306274,2.1654805e-13,-14.584892960000001,293888,5876,0.7583849672228098,1.0162701105542737e-05,0.010417714111629062,-0.004508508445210559,0.014921141206286848
325.8793568611145,2.2989496e-13,-14.540112359999998,294912,5896,0.7574851838871837,9.611375247686738e-06,0.011802086062590728,-0.004415036531636635,0.01621231690660352
326.99947237968445,1.344089e-13,-13.9521182,295936,5916,0.7615768574178219,9.070752938100668e-06,0.01556722162838779,0.00407090213176557,0.01149178412015317
328.1243441104889,1.6236718e-13,-13.889578299999998,296960,5936,0.7663319846615195,7.622161760423296e-06,0.010014704570829756,-0.002707610728405976,0.01271850421835552
329.2268147468567,2.355695e-13,-14.026548079999998,297984,5956,0.7672408148646355,1.5260518217985464e-05,0.015744379920332282,6.532027683991666e-05,0.015671429384383373
330.31790041923523,2.344127e-13,-13.10466034,299008,5980,0.7676482954993844,1.0813374956342159e-05,0.010702564906839447,-0.001254559790734372,0.011951718010095647
331.482919216156,1.6583573e-13,-12.488695380000001,300032,6000,0.7694597253575921,1.0099188838097461e-05,0.013954267587125972,0.0010147772094237155,0.012934440783283208
332.5709238052368,2.486905e-13,-13.092491739999998,301056,6020,0.7753518195822835,1.5622806955661872e-05,0.005198147623788286,-0.007053193568664682,0.012243529788975138
333.61036229133606,2.3612592e-13,-13.53517238,302080,6040,0.7807202450931072,7.83635381651493e-06,0.011883782549737723,0.000705801592928616,0.01117406277990085
334.7477629184723,1.4720256e-13,-13.454965280000001,303104,6060,0.7789858467876911,2.673334079617007e-05,0.015925117570447976,0.003814947377468423,0.012096803522581467
335.87745237350464,1.5999799e-13,-13.449574179999999,304128,6080,0.7815581168979406,9.421603951409452e-05,0.013010938260646717,-0.0002583255678725105,0.013222155808762182
336.93894386291504,1.939497e-13,-13.159201260000001,305152,6100,0.7917413646355271,4.820174018504986e-05,0.011262492199406452,-0.0003013035456409498,0.011539694874954876
338.0446078777313,1.5460464e-13,-12.60610448,306176,6120,0.7834358140826225,1.0408107407045009e-05,0.011010854852458805,0.0007818830713164581,0.010223767727438826
339.1560044288635,2.0535982e-13,-13.421911419999999,307200,6144,0.7872856073081493,1.0358888992811899e-05,0.013320861641965678,0.003232265547819538,0.010083416649649735
340.2640314102173,3.7741842e-13,-14.09178746,308224,6164,0.7949642259627581,2.116364809978677e-05,0.017920627169868877,0.003186092260624176,0.014723953085194807
341.33503341674805,3.0770238e-13,-13.86760984,309248,6184,0.7946498692035675,2.445401182171736e-05,0.01790985063946958,0.003761681210249986,0.014135942423308734
342.40952157974243,3.092126e-13,-14.082394559999997,310272,6204,0.7859692350029945,4.098434258992256e-05,0.0023771379309995753,-0.009171154623487176,0.011527800383191789
343.5001039505005,2.562906e-13,-13.712291720000001,311296,6224,0.7914894921705127,1.9369499803190138e-05,0.01993762018448887,0.0051731187085334385,0.014754816726053832
344.6754014492035,2.7288767e-13,-14.165024019999999,312320,6244,0.8032454885542393,8.074260466628402e-05,0.011583111988890818,-0.0033098658338773976,0.014852606520435074
345.9108808040619,2.7390666e-13,-13.75389884,313344,6264,0.8165517151355743,5.66799794370354e-05,0.012093934176489542,-0.002840694257992025,0.01490628844476305
347.0814917087555,1.9528853e-13,-13.230369000000003,314368,6284,0.8125066151842475,2.0616421920749417e-05,0.00874035412962217,-0.0024804325379709073,0.0112104784566327
348.3331196308136,2.198579e-13,-12.962705020000001,315392,6304,0.8102594977244735,8.772635467835244e-06,0.013612868484521342,0.0014066920073356492,0.012201790159451775
349.5194308757782,2.0636222e-13,-13.912938220000001,316416,6328,0.8131404118612409,1.3840123820330064e-05,0.00623526456631401,-0.00547594784039868,0.011704292344802525
350.85504269599915,1.8602958e-13,-12.694914140000002,317440,6348,0.8169427877292037,1.7008672834606386e-05,0.012817022026770769,-0.0042400813152942375,0.017048599005647702
352.0461616516113,2.1600775e-13,-13.022533679999999,318464,6368,0.8248642459511757,8.933933798971339e-06,0.009509638749836291,-0.0031913221925175548,0.01269649397545436
353.1094403266907,1.6417381e-13,-12.041305699999999,319488,6388,0.8401464791968465,2.4090045450009256e-05,0.013701165725527518,0.0007327360497224899,0.012956384653080022
354.20943212509155,2.0929554e-13,-12.4650992,320512,6408,0.8474072022363544,1.7153699545247036e-05,0.004805178454094213,-0.004305544184025527,0.009102145788347116
355.25832986831665,1.4905506e-13,-12.390905179999999,321536,6428,0.8437663922086358,8.672056498681968e-06,0.013122198559436866,0.001401419919245923,0.011716442611941602
356.310364484787,1.9114381e-13,-12.23233382,322560,6448,0.8354237452149391,3.1909831228915664e-05,0.0136373040241016,0.002702639482575127,0.010918709625912015
357.36882281303406,1.5941474e-13,-11.78741464,323584,6468,0.8324489388614893,2.3209960630765636e-05,0.009715056687331856,-0.0006376279039364011,0.010341079610952875
358.5197722911835,2.0698596e-13,-12.115268379999998,324608,6492,0.8404865879565477,1.1573309421919475e-05,0.00994209254677991,-0.0024151762031861023,0.01235148209525505
359.68035364151,1.5456102e-13,-11.807378000000002,325632,6512,0.8420347943902016,4.244884110882197e-06,0.01646826255743569,0.0017371464868569365,0.014728993628523313
360.69656348228455,1.5279404e-13,-11.94779784,326656,6532,0.8456367179751396,1.6054890497940733e-05,0.0062242718126198915,-0.003384074157091716,0.009600318524462637
361.7766098976135,1.4042825e-13,-11.16129446,327680,6552,0.8571735946461558,1.7937126408185122e-05,0.008837097647340744,-0.002857041616593289,0.011685170700729941
362.7929582595825,1.2466119e-13,-11.72054928,328704,6572,0.8666246132925153,1.5046849892286218e-05,0.008733696224546415,-0.0008019375462543849,0.009528110345854657
363.8246569633484,2.3127604e-13,-12.217913800000002,329728,6592,0.8658672329038382,1.113942757768882e-05,0.013055359077398854,0.0011265099213385581,0.01192327944227145
364.9275300502777,9.001728e-14,-11.771581499999998,330752,6612,0.8719841791316867,1.4157763430944215e-05,0.008214235918491073,-0.0026969405508512926,0.010904097587626893
365.991899728775,8.615026e-14,-11.285975539999999,331776,6632,0.8803650606423616,6.1229889052327735e-06,0.009306427162066245,0.0021379599538642784,0.007165405713749351
367.05051279067993,1.1177035e-13,-10.639706139999998,332800,6656,0.8847089726477861,9.522949156348659e-06,0.008395733531215362,-0.00041685861595753073,0.008807830672594719
368.1003165245056,8.802178e-14,-10.434115460000001,333824,6676,0.8829550193622708,3.4698115101150506e-06,0.006983555585098156,-0.002519994821355186,0.009501815500698285
369.10421347618103,1.1728526e-13,-11.029542719999997,334848,6696,0.8864309834316373,5.305352758000481e-06,0.009966321366896886,0.0016239632009565751,0.008339705489561311
370.0735864639282,8.5168594e-14,-11.38990546,335872,6716,0.8866655584424734,8.502514352315416e-05,0.02048311501159012,0.004648798921460145,0.015791803518368397
371.1824674606323,9.907573e-14,-11.19062556,336896,6736,0.884271957911551,0.00011459881429232155,0.007462589104224728,-0.0010387203519824667,0.008444010049061035
372.19964599609375,9.907099e-14,-10.984493900000002,337920,6756,0.888836994767189,5.160542410465041e-05,0.008263706190323353,-0.00044504209940409903,0.008682945577675127
373.29328083992004,8.010834e-14,-10.445183759999999,338944,6776,0.893324569799006,2.610395476665417e-05,0.006046177619631219,-0.0024718100580820605,0.008504935700329952
374.4633119106293,9.2557696e-14,-10.6182494,339968,6796,0.8959938175976276,1.6378222376545182e-05,0.0008579572489123907,-0.006129873123117044,0.006979641260841163
375.7945919036865,7.8659e-14,-10.72011986,340992,6816,0.901269025169313,6.7111615926762624e-06,0.014647162719495649,0.003985308197942768,0.010658498940756544
377.05091667175293,1.0433904e-13,-11.66500468,342016,6840,0.8976798141375184,2.062465476626585e-06,0.003539004161932582,-0.007697052211000652,0.01123502514019492
378.456289768219,9.340517e-14,-11.00321776,343040,6860,0.8889347482472658,6.2989125488854825e-06,0.01584515864413045,0.0038706340686821042,0.0119713751191739
379.7953243255615,9.831372e-14,-10.14973844,344064,6880,0.8822568105533719,4.438456361555154e-06,0.006345720200376416,-0.000655036117916584,0.006998537090112222
380.9697177410126,8.547858e-14,-10.02946008,345088,6900,0.8842017417773604,1.757385819800561e-05,0.004392680341120916,-0.0033470914918792036,0.007730984903901117
382.30289936065674,9.8929836e-14,-10.19035648,346112,6920,0.8811290496960282,1.0163283388209265e-05,0.007116851737554419,-0.001123478837627724,0.008235248933488037
383.51378870010376,1.138495e-13,-11.39384076,347136,6940,0.8768545528873801,5.557198704764232e-06,0.0038203027194040813,-0.0052522344018942155,0.009069758521945914
384.71357464790344,1.0351748e-13,-11.6637402,348160,6960,0.8714053081348538,8.168323061497063e-06,0.007984927079449453,-0.00217932326658651,0.010160166184505215
385.89175295829773,9.75515e-14,-10.959350800000003,349184,6980,0.8640217753127217,2.4042542214886e-06,0.0018025219106097032,-0.008366389562706852,0.010167709346205811
387.0970492362976,1.3811191e-13,-11.05121576,350208,7004,0.8611002443358302,2.9052369283633084e-06,0.009057569434437692,-2.9336192109767146e-05,0.009085453008083277
388.2855923175812,9.138257e-14,-11.442765280000001,351232,7024,0.862047933973372,2.6983426781868047e-06,0.021451852740430717,0.009720791724127438,0.011729711844964186
389.3592414855957,7.994589e-14,-11.056940520000001,352256,7044,0.8699080003425479,9.201756332899436e-06,0.00662962736301856,-0.0028927882281833666,0.009517814713035477
390.4315960407257,1.02978485e-13,-10.91252608,353280,7064,0.8685217034071684,1.8922441345381458e-05,0.006607649056821237,-0.004363862124504982,0.01096204996065353
391.5382673740387,7.110994e-14,-10.17343202,354304,7084,0.8666991526260972,1.6886405553862005e-05,0.011905786110948061,0.0016934963997959941,0.010203846508375136
392.6932213306427,6.206836e-14,-10.19174334,355328,7104,0.877609146758914,1.58790173259149e-05,0.009266860278937146,0.0020123762674967923,0.007246544502777397
393.8113055229187,7.00884e-14,-10.27161428,356352,7124,0.8786468422040343,3.414807429180655e-05,0.010711697557571226,0.0014760537154819234,0.0092185698049434
394.93104219436646,1.0963215e-13,-11.421380899999997,357376,7144,0.880254814401269,0.00010659050386152558,0.013557208064086296,0.004332712699977774,0.009171200112177758
396.0454947948456,6.468059e-14,-11.334296480000003,358400,7168,0.8988467454910278,9.558502722484263e-05,0.010090540189527104,0.0005814139662912502,0.009461333709623432
397.24264574050903,7.384489e-14,-10.64317534,359424,7188,0.9079572213813663,3.076832836512722e-05,0.0128204905970597,0.002974364020572167,0.009830742412304971
398.29029417037964,1.206165e-13,-11.58906614,360448,7208,0.908512108027935,1.4195403284844588e-05,0.006676317198341669,-0.0034657480675275793,0.010134967564226827
399.41378259658813,7.5860664e-14,-10.8695229,361472,7228,0.9131312770769,1.1473267775841123e-05,0.005749071359365138,-0.004504732614012136,0.010248067339489353
400.473685503006,7.3030855e-14,-10.588990159999998,362496,7248,0.9191131982952356,4.787037065412392e-06,0.007015221978777611,-0.0007965258977149143,0.007809354357959819
401.56385612487793,8.4194926e-14,-10.428286980000001,363520,7268,0.9247865285724401,2.5007520054742827e-06,0.016865186285571307,0.006484920627044522,0.010379015282524051
402.63488245010376,1.1262967e-13,-11.404296599999999,364544,7288,0.9282515179365873,1.965038586959622e-06,0.016675346059036807,0.005116391370131142,0.011557972169612185
403.7550325393677,1.1414479e-13,-11.26053562,365568,7308,0.9295675689354539,5.1132595153546845e-06,0.0140166136370941,0.004965661242642573,0.00904839576469385
404.8464949131012,8.8831476e-14,-10.548725300000001,366592,7328,0.9385414123535156,2.853366495969567e-06,0.001160805479042403,-0.00851063972643451,0.00967001852222893
405.95721220970154,7.3272375e-14,-10.736441939999997,367616,7352,0.9468275094404817,4.627959159009265e-06,0.011963096522114948,0.0029926088580558923,0.008968173684479552
407.0955762863159,7.788767e-14,-10.46242814,368640,7372,0.9564778339117765,3.279699805958103e-06,0.017749489032620608,0.006074447950971091,0.011673401231746539
408.21466398239136,1.067117e-13,-10.32722788,369664,7392,0.9622808303683996,2.9548064715001487e-06,0.013614462456497632,0.003316232595172849,0.010296752458089031
409.33509612083435,7.862379e-14,-10.802893179999998,370688,7412,0.9561929786577821,1.1012326677217743e-05,0.015509489921098577,0.006902775311125268,0.0086012084466347
410.41977167129517,8.5915406e-14,-9.84045458,371712,7432,0.9650721270591021,6.5650661351668305e-06,0.007157344484790613,-0.0017841970859541678,0.008938259037677199
411.1213746070862,,-9.84045458,371712,7432,0.9875295804813504,3.7117178557366515e-06,0.008044786439863224,0.001444023721099804,0.006598906859835552
